Workbook

Sheet README
A1: Lampiran Data Riset Bona Project: Kualitas Air Danau Toba (Sentinel-2)
A2: Disusun 12 Oktober 2026 dari ekspor Google Earth Engine tim (7 Oktober 2026). Semua angka indeks bersifat RELATIF, bukan mg/m3 atau NTU.
A4: Sheet | B4: Isi
A5: V3_Utama | B5: Versi data yang dipakai untuk interpretasi. KJA = Paropo (lon 98,522 sampai 98,531; lat 2,80 sampai 2,89). Referensi = lon 98,80 sampai 98,86; lat 2,66 sampai 2,72 (perlu cek visual).
A6: V1_Zona_Awal | B6: Versi pertama dengan kotak zona perkiraan (bukan lokasi keramba terverifikasi). Disimpan sebagai pembanding saja.
A7: V2_Ditolak | B7: Versi dengan kotak referensi selatan (lon 98,82 sampai 98,88; lat 2,50 sampai 2,56). DITOLAK: referensi terkontaminasi, 40 dari 66 bulan TURB > 100.
A8: Titik_Lapangan | B8: Nilai satelit di titik tepian Balige, komposit Juli 2025, buffer 30 m. Dua versi titik.
A9: Ringkasan | B9: Statistik per versi (rumus) dan hasil uji statistik (dihitung dengan Python scipy).
A10: Musiman | B10: Median NDCI per bulan kalender dari V3 yang lolos QC (rumus).
A12: Kolom | B12: Arti
A13: date | B13: Bulan komposit (YYYY-MM). Satu nilai = median semua citra bebas awan di bulan itu.
A14: zone | B14: KJA (zona keramba) atau Reference (zona pembanding).
A15: NDCI | B15: Normalized Difference Chlorophyll Index = (B5 - B4)/(B5 + B4). Makin tinggi = indikasi klorofil-a (alga) makin banyak. Rata-rata seluruh piksel air dalam kotak.
A16: TURB | B16: Proksi kekeruhan = reflektansi band merah B4 x 1000. Air jernih sekitar 5 sampai 40. Di atas 100 hampir pasti tercampur awan, kabut, atau daratan.
... A18: QC_lolos | B18: TRUE bila NDCI ada, TURB <= 100, dan n_images >= 2. Hanya baris TRUE dipakai di analisis.
A20: Sumber file asli di Google Drive (folder My Drive):
A21: V3 | B21: https://drive.google.com/file/d/1b_0Q5HlWY4NfYrzjWY08WV9zTJo7HtMb/view (identik dengan 1GcGhze4Jbh1P5YxNwWfroDI9NP-a73BU)
A22: V2 | B22: https://drive.google.com/file/d/1yXiGc5Gnazpa-Bose4DyeKXM-xyntYzF/view
A23: V1 | B23: https://drive.google.com/file/d/1g52wovvCVMzjGPqYC0llHI7yytGC0Tck/view (versi sampai Des 2025: 1W6YrURNq2lhRsRCjc3qSvwjoX95MHX4I)
A24: Titik lapangan | B24: https://drive.google.com/file/d/1RO-ELpeTa7gLdr7mtB0ugAx6dfGlviht/view dan versi lama 176MAScnk7Ie8GS9Vk1pb7cUkuNif8A3y

Sheet V3_Utama
A1: date | B1: tahun | C1: bulan | D1: zone | E1: NDCI | F1: TURB | G1: n_images | H1: QC_lolos | J1: Versi utama untuk interpretasi.
A2: 2019-01 | B2: =VALUE(LEFT(A2,4)) -> 2019 | C2: =VALUE(RIGHT(A2,2)) -> 1 | D2: KJA | E2: 0.04955 | F2: 31.35 | G2: 7 | H2: =AND(E2<>"",F2<=100,G2>=2) -> TRUE
A3: 2019-01 | B3: =VALUE(LEFT(A3,4)) -> 2019 | C3: =VALUE(RIGHT(A3,2)) -> 1 | D3: Reference | E3: 0.044129 | F3: 37.592 | G3: 7 | H3: =AND(E3<>"",F3<=100,G3>=2) -> TRUE
A4: 2019-02 | B4: =VALUE(LEFT(A4,4)) -> 2019 | C4: =VALUE(RIGHT(A4,2)) -> 2 | D4: KJA | E4: 0.007938 | F4: 23.965 | G4: 15 | H4: =AND(E4<>"",F4<=100,G4>=2) -> TRUE
A5: 2019-02 | B5: =VALUE(LEFT(A5,4)) -> 2019 | C5: =VALUE(RIGHT(A5,2)) -> 2 | D5: Reference | E5: 0.011232 | F5: 38.206 | G5: 15 | H5: =AND(E5<>"",F5<=100,G5>=2) -> TRUE
A6: 2019-03 | B6: =VALUE(LEFT(A6,4)) -> 2019 | C6: =VALUE(RIGHT(A6,2)) -> 3 | D6: KJA | E6: 0.021139 | F6: 25.434 | G6: 18 | H6: =AND(E6<>"",F6<=100,G6>=2) -> TRUE
A7: 2019-03 | B7: =VALUE(LEFT(A7,4)) -> 2019 | C7: =VALUE(RIGHT(A7,2)) -> 3 | D7: Reference | E7: -0.003695 | F7: 20.3 | G7: 18 | H7: =AND(E7<>"",F7<=100,G7>=2) -> TRUE
A8: 2019-04 | B8: =VALUE(LEFT(A8,4)) -> 2019 | C8: =VALUE(RIGHT(A8,2)) -> 4 | D8: KJA | E8: -0.051617 | F8: 14.613 | G8: 5 | H8: =AND(E8<>"",F8<=100,G8>=2) -> TRUE
A9: 2019-04 | B9: =VALUE(LEFT(A9,4)) -> 2019 | C9: =VALUE(RIGHT(A9,2)) -> 4 | D9: Reference | E9: -0.024626 | F9: 24.849 | G9: 5 | H9: =AND(E9<>"",F9<=100,G9>=2) -> TRUE
A10: 2019-05 | B10: =VALUE(LEFT(A10,4)) -> 2019 | C10: =VALUE(RIGHT(A10,2)) -> 5 | D10: KJA | E10: -0.01175 | F10: 14.712 | G10: 8 | H10: =AND(E10<>"",F10<=100,G10>=2) -> TRUE
A11: 2019-05 | B11: =VALUE(LEFT(A11,4)) -> 2019 | C11: =VALUE(RIGHT(A11,2)) -> 5 | D11: Reference | E11: 0.028593 | F11: 20.283 | G11: 8 | H11: =AND(E11<>"",F11<=100,G11>=2) -> TRUE
A12: 2019-06 | B12: =VALUE(LEFT(A12,4)) -> 2019 | C12: =VALUE(RIGHT(A12,2)) -> 6 | D12: KJA | E12: 0.05757 | F12: 19.551 | G12: 3 | H12: =AND(E12<>"",F12<=100,G12>=2) -> TRUE
A13: 2019-06 | B13: =VALUE(LEFT(A13,4)) -> 2019 | C13: =VALUE(RIGHT(A13,2)) -> 6 | D13: Reference | E13: 0.082681 | F13: 15.376 | G13: 3 | H13: =AND(E13<>"",F13<=100,G13>=2) -> TRUE
... A17: 2019-08 | B17: =VALUE(LEFT(A17,4)) -> 2019 | C17: =VALUE(RIGHT(A17,2)) -> 8 | D17: Reference | E17: 0.027122 | F17: 26.71 | G17: 7 | H17: =AND(E17<>"",F17<=100,G17>=2) -> TRUE
A18: 2019-09 | B18: =VALUE(LEFT(A18,4)) -> 2019 | C18: =VALUE(RIGHT(A18,2)) -> 9 | D18: KJA | G18: 0 | H18: =AND(E18<>"",F18<=100,G18>=2) -> FALSE
A19: 2019-09 | B19: =VALUE(LEFT(A19,4)) -> 2019 | C19: =VALUE(RIGHT(A19,2)) -> 9 | D19: Reference | G19: 0 | H19: =AND(E19<>"",F19<=100,G19>=2) -> FALSE
A20: 2019-10 | B20: =VALUE(LEFT(A20,4)) -> 2019 | C20: =VALUE(RIGHT(A20,2)) -> 10 | D20: KJA | G20: 2 | H20: =AND(E20<>"",F20<=100,G20>=2) -> FALSE
A21: 2019-10 | B21: =VALUE(LEFT(A21,4)) -> 2019 | C21: =VALUE(RIGHT(A21,2)) -> 10 | D21: Reference | E21: -0.026305 | F21: 11.182 | G21: 2 | H21: =AND(E21<>"",F21<=100,G21>=2) -> TRUE
A22: 2019-11 | B22: =VALUE(LEFT(A22,4)) -> 2019 | C22: =VALUE(RIGHT(A22,2)) -> 11 | D22: KJA | G22: 5 | H22: =AND(E22<>"",F22<=100,G22>=2) -> FALSE
A23: 2019-11 | B23: =VALUE(LEFT(A23,4)) -> 2019 | C23: =VALUE(RIGHT(A23,2)) -> 11 | D23: Reference | E23: 0.00304 | F23: 48.02 | G23: 5 | H23: =AND(E23<>"",F23<=100,G23>=2) -> TRUE
A24: 2019-12 | B24: =VALUE(LEFT(A24,4)) -> 2019 | C24: =VALUE(RIGHT(A24,2)) -> 12 | D24: KJA | E24: 0.014552 | F24: 26.983 | G24: 6 | H24: =AND(E24<>"",F24<=100,G24>=2) -> TRUE
A25: 2019-12 | B25: =VALUE(LEFT(A25,4)) -> 2019 | C25: =VALUE(RIGHT(A25,2)) -> 12 | D25: Reference | E25: 0.022083 | F25: 60.609 | G25: 6 | H25: =AND(E25<>"",F25<=100,G25>=2) -> TRUE
A26: 2020-01 | B26: =VALUE(LEFT(A26,4)) -> 2020 | C26: =VALUE(RIGHT(A26,2)) -> 1 | D26: KJA | E26: 0.034592 | F26: 21.633 | G26: 12 | H26: =AND(E26<>"",F26<=100,G26>=2) -> TRUE
A27: 2020-01 | B27: =VALUE(LEFT(A27,4)) -> 2020 | C27: =VALUE(RIGHT(A27,2)) -> 1 | D27: Reference | E27: -0.020987 | F27: 22.113 | G27: 12 | H27: =AND(E27<>"",F27<=100,G27>=2) -> TRUE
A28: 2020-02 | B28: =VALUE(LEFT(A28,4)) -> 2020 | C28: =VALUE(RIGHT(A28,2)) -> 2 | D28: KJA | E28: 0.033288 | F28: 26.794 | G28: 12 | H28: =AND(E28<>"",F28<=100,G28>=2) -> TRUE
A29: 2020-02 | B29: =VALUE(LEFT(A29,4)) -> 2020 | C29: =VALUE(RIGHT(A29,2)) -> 2 | D29: Reference | E29: 0.033676 | F29: 17.087 | G29: 12 | H29: =AND(E29<>"",F29<=100,G29>=2) -> TRUE
A30: 2020-03 | B30: =VALUE(LEFT(A30,4)) -> 2020 | C30: =VALUE(RIGHT(A30,2)) -> 3 | D30: KJA | E30: 0.012271 | F30: 18.391 | G30: 9 | H30: =AND(E30<>"",F30<=100,G30>=2) -> TRUE
A31: 2020-03 | B31: =VALUE(LEFT(A31,4)) -> 2020 | C31: =VALUE(RIGHT(A31,2)) -> 3 | D31: Reference | E31: 0.020031 | F31: 36.872 | G31: 9 | H31: =AND(E31<>"",F31<=100,G31>=2) -> TRUE
A32: 2020-04 | B32: =VALUE(LEFT(A32,4)) -> 2020 | C32: =VALUE(RIGHT(A32,2)) -> 4 | D32: KJA | E32: 0.027344 | F32: 18.205 | G32: 8 | H32: =AND(E32<>"",F32<=100,G32>=2) -> TRUE
A33: 2020-04 | B33: =VALUE(LEFT(A33,4)) -> 2020 | C33: =VALUE(RIGHT(A33,2)) -> 4 | D33: Reference | E33: 0.063072 | F33: 16.582 | G33: 8 | H33: =AND(E33<>"",F33<=100,G33>=2) -> TRUE
A34: 2020-05 | B34: =VALUE(LEFT(A34,4)) -> 2020 | C34: =VALUE(RIGHT(A34,2)) -> 5 | D34: KJA | G34: 0 | H34: =AND(E34<>"",F34<=100,G34>=2) -> FALSE
A35: 2020-05 | B35: =VALUE(LEFT(A35,4)) -> 2020 | C35: =VALUE(RIGHT(A35,2)) -> 5 | D35: Reference | G35: 0 | H35: =AND(E35<>"",F35<=100,G35>=2) -> FALSE
A36: 2020-06 | B36: =VALUE(LEFT(A36,4)) -> 2020 | C36: =VALUE(RIGHT(A36,2)) -> 6 | D36: KJA | E36: -0.009387 | F36: 13.278 | G36: 10 | H36: =AND(E36<>"",F36<=100,G36>=2) -> TRUE
A37: 2020-06 | B37: =VALUE(LEFT(A37,4)) -> 2020 | C37: =VALUE(RIGHT(A37,2)) -> 6 | D37: Reference | E37: 0.02347 | F37: 7.264 | G37: 10 | H37: =AND(E37<>"",F37<=100,G37>=2) -> TRUE
A38: 2020-07 | B38: =VALUE(LEFT(A38,4)) -> 2020 | C38: =VALUE(RIGHT(A38,2)) -> 7 | D38: KJA | E38: -0.005134 | F38: 12.856 | G38: 10 | H38: =AND(E38<>"",F38<=100,G38>=2) -> TRUE
A39: 2020-07 | B39: =VALUE(LEFT(A39,4)) -> 2020 | C39: =VALUE(RIGHT(A39,2)) -> 7 | D39: Reference | E39: -0.001738 | F39: 6.915 | G39: 10 | H39: =AND(E39<>"",F39<=100,G39>=2) -> TRUE
A40: 2020-08 | B40: =VALUE(LEFT(A40,4)) -> 2020 | C40: =VALUE(RIGHT(A40,2)) -> 8 | D40: KJA | E40: -0.002381 | F40: 14.457 | G40: 9 | H40: =AND(E40<>"",F40<=100,G40>=2) -> TRUE
A41: 2020-08 | B41: =VALUE(LEFT(A41,4)) -> 2020 | C41: =VALUE(RIGHT(A41,2)) -> 8 | D41: Reference | E41: 0.013551 | F41: 32.022 | G41: 9 | H41: =AND(E41<>"",F41<=100,G41>=2) -> TRUE
A42: 2020-09 | B42: =VALUE(LEFT(A42,4)) -> 2020 | C42: =VALUE(RIGHT(A42,2)) -> 9 | D42: KJA | E42: 0.008385 | F42: 23.541 | G42: 9 | H42: =AND(E42<>"",F42<=100,G42>=2) -> TRUE
A43: 2020-09 | B43: =VALUE(LEFT(A43,4)) -> 2020 | C43: =VALUE(RIGHT(A43,2)) -> 9 | D43: Reference | E43: -0.010743 | F43: 9.218 | G43: 9 | H43: =AND(E43<>"",F43<=100,G43>=2) -> TRUE
A44: 2020-10 | B44: =VALUE(LEFT(A44,4)) -> 2020 | C44: =VALUE(RIGHT(A44,2)) -> 10 | D44: KJA | G44: 0 | H44: =AND(E44<>"",F44<=100,G44>=2) -> FALSE
A45: 2020-10 | B45: =VALUE(LEFT(A45,4)) -> 2020 | C45: =VALUE(RIGHT(A45,2)) -> 10 | D45: Reference | G45: 0 | H45: =AND(E45<>"",F45<=100,G45>=2) -> FALSE
A46: 2020-11 | B46: =VALUE(LEFT(A46,4)) -> 2020 | C46: =VALUE(RIGHT(A46,2)) -> 11 | D46: KJA | G46: 0 | H46: =AND(E46<>"",F46<=100,G46>=2) -> FALSE
A47: 2020-11 | B47: =VALUE(LEFT(A47,4)) -> 2020 | C47: =VALUE(RIGHT(A47,2)) -> 11 | D47: Reference | G47: 0 | H47: =AND(E47<>"",F47<=100,G47>=2) -> FALSE
A48: 2020-12 | B48: =VALUE(LEFT(A48,4)) -> 2020 | C48: =VALUE(RIGHT(A48,2)) -> 12 | D48: KJA | E48: 0.047187 | F48: 26.193 | G48: 4 | H48: =AND(E48<>"",F48<=100,G48>=2) -> TRUE
A49: 2020-12 | B49: =VALUE(LEFT(A49,4)) -> 2020 | C49: =VALUE(RIGHT(A49,2)) -> 12 | D49: Reference | E49: 0.062067 | F49: 19.376 | G49: 4 | H49: =AND(E49<>"",F49<=100,G49>=2) -> TRUE
A50: 2021-01 | B50: =VALUE(LEFT(A50,4)) -> 2021 | C50: =VALUE(RIGHT(A50,2)) -> 1 | D50: KJA | G50: 0 | H50: =AND(E50<>"",F50<=100,G50>=2) -> FALSE
A51: 2021-01 | B51: =VALUE(LEFT(A51,4)) -> 2021 | C51: =VALUE(RIGHT(A51,2)) -> 1 | D51: Reference | G51: 0 | H51: =AND(E51<>"",F51<=100,G51>=2) -> FALSE
A52: 2021-02 | B52: =VALUE(LEFT(A52,4)) -> 2021 | C52: =VALUE(RIGHT(A52,2)) -> 2 | D52: KJA | E52: 0.020913 | F52: 23.12 | G52: 13 | H52: =AND(E52<>"",F52<=100,G52>=2) -> TRUE
A53: 2021-02 | B53: =VALUE(LEFT(A53,4)) -> 2021 | C53: =VALUE(RIGHT(A53,2)) -> 2 | D53: Reference | E53: 0.026258 | F53: 36.586 | G53: 13 | H53: =AND(E53<>"",F53<=100,G53>=2) -> TRUE
A54: 2021-03 | B54: =VALUE(LEFT(A54,4)) -> 2021 | C54: =VALUE(RIGHT(A54,2)) -> 3 | D54: KJA | E54: 0.024101 | F54: 32.789 | G54: 8 | H54: =AND(E54<>"",F54<=100,G54>=2) -> TRUE
A55: 2021-03 | B55: =VALUE(LEFT(A55,4)) -> 2021 | C55: =VALUE(RIGHT(A55,2)) -> 3 | D55: Reference | E55: 0.00536 | F55: 23.264 | G55: 8 | H55: =AND(E55<>"",F55<=100,G55>=2) -> TRUE
A56: 2021-04 | B56: =VALUE(LEFT(A56,4)) -> 2021 | C56: =VALUE(RIGHT(A56,2)) -> 4 | D56: KJA | E56: 0.024847 | F56: 23.81 | G56: 13 | H56: =AND(E56<>"",F56<=100,G56>=2) -> TRUE
A57: 2021-04 | B57: =VALUE(LEFT(A57,4)) -> 2021 | C57: =VALUE(RIGHT(A57,2)) -> 4 | D57: Reference | E57: 0.009903 | F57: 19.782 | G57: 13 | H57: =AND(E57<>"",F57<=100,G57>=2) -> TRUE
A58: 2021-05 | B58: =VALUE(LEFT(A58,4)) -> 2021 | C58: =VALUE(RIGHT(A58,2)) -> 5 | D58: KJA | E58: 0.000492 | F58: 12.993 | G58: 8 | H58: =AND(E58<>"",F58<=100,G58>=2) -> TRUE
A59: 2021-05 | B59: =VALUE(LEFT(A59,4)) -> 2021 | C59: =VALUE(RIGHT(A59,2)) -> 5 | D59: Reference | E59: 1.5e-05 | F59: 26.664 | G59: 8 | H59: =AND(E59<>"",F59<=100,G59>=2) -> TRUE
A60: 2021-06 | B60: =VALUE(LEFT(A60,4)) -> 2021 | C60: =VALUE(RIGHT(A60,2)) -> 6 | D60: KJA | E60: -0.00615 | F60: 8.82 | G60: 10 | H60: =AND(E60<>"",F60<=100,G60>=2) -> TRUE
A61: 2021-06 | B61: =VALUE(LEFT(A61,4)) -> 2021 | C61: =VALUE(RIGHT(A61,2)) -> 6 | D61: Reference | E61: 0.0223 | F61: 36.201 | G61: 10 | H61: =AND(E61<>"",F61<=100,G61>=2) -> TRUE
A62: 2021-07 | B62: =VALUE(LEFT(A62,4)) -> 2021 | C62: =VALUE(RIGHT(A62,2)) -> 7 | D62: KJA | E62: 0.032256 | F62: 23.839 | G62: 7 | H62: =AND(E62<>"",F62<=100,G62>=2) -> TRUE
A63: 2021-07 | B63: =VALUE(LEFT(A63,4)) -> 2021 | C63: =VALUE(RIGHT(A63,2)) -> 7 | D63: Reference | E63: 0.025143 | F63: 17.024 | G63: 7 | H63: =AND(E63<>"",F63<=100,G63>=2) -> TRUE
... A71: 2021-11 | B71: =VALUE(LEFT(A71,4)) -> 2021 | C71: =VALUE(RIGHT(A71,2)) -> 11 | D71: Reference | E71: 0.035183 | F71: 37.692 | G71: 3 | H71: =AND(E71<>"",F71<=100,G71>=2) -> TRUE
A72: 2021-12 | B72: =VALUE(LEFT(A72,4)) -> 2021 | C72: =VALUE(RIGHT(A72,2)) -> 12 | D72: KJA | G72: 4 | H72: =AND(E72<>"",F72<=100,G72>=2) -> FALSE
A73: 2021-12 | B73: =VALUE(LEFT(A73,4)) -> 2021 | C73: =VALUE(RIGHT(A73,2)) -> 12 | D73: Reference | E73: -0.002714 | F73: 38.889 | G73: 4 | H73: =AND(E73<>"",F73<=100,G73>=2) -> TRUE
A74: 2022-01 | B74: =VALUE(LEFT(A74,4)) -> 2022 | C74: =VALUE(RIGHT(A74,2)) -> 1 | D74: KJA | E74: 0.011916 | F74: 16.003 | G74: 11 | H74: =AND(E74<>"",F74<=100,G74>=2) -> TRUE
A75: 2022-01 | B75: =VALUE(LEFT(A75,4)) -> 2022 | C75: =VALUE(RIGHT(A75,2)) -> 1 | D75: Reference | E75: 0.004155 | F75: 12.322 | G75: 11 | H75: =AND(E75<>"",F75<=100,G75>=2) -> TRUE
A76: 2022-02 | B76: =VALUE(LEFT(A76,4)) -> 2022 | C76: =VALUE(RIGHT(A76,2)) -> 2 | D76: KJA | E76: 0.027259 | F76: 10.422 | G76: 3 | H76: =AND(E76<>"",F76<=100,G76>=2) -> TRUE
A77: 2022-02 | B77: =VALUE(LEFT(A77,4)) -> 2022 | C77: =VALUE(RIGHT(A77,2)) -> 2 | D77: Reference | E77: 0.002044 | F77: 6.967 | G77: 3 | H77: =AND(E77<>"",F77<=100,G77>=2) -> TRUE
A78: 2022-03 | B78: =VALUE(LEFT(A78,4)) -> 2022 | C78: =VALUE(RIGHT(A78,2)) -> 3 | D78: KJA | E78: 0.000452 | F78: 14.354 | G78: 13 | H78: =AND(E78<>"",F78<=100,G78>=2) -> TRUE
A79: 2022-03 | B79: =VALUE(LEFT(A79,4)) -> 2022 | C79: =VALUE(RIGHT(A79,2)) -> 3 | D79: Reference | E79: 0.008587 | F79: 11.413 | G79: 13 | H79: =AND(E79<>"",F79<=100,G79>=2) -> TRUE
A80: 2022-04 | B80: =VALUE(LEFT(A80,4)) -> 2022 | C80: =VALUE(RIGHT(A80,2)) -> 4 | D80: KJA | G80: 6 | H80: =AND(E80<>"",F80<=100,G80>=2) -> FALSE
A81: 2022-04 | B81: =VALUE(LEFT(A81,4)) -> 2022 | C81: =VALUE(RIGHT(A81,2)) -> 4 | D81: Reference | E81: -0.010952 | F81: 32.878 | G81: 6 | H81: =AND(E81<>"",F81<=100,G81>=2) -> TRUE
A82: 2022-05 | B82: =VALUE(LEFT(A82,4)) -> 2022 | C82: =VALUE(RIGHT(A82,2)) -> 5 | D82: KJA | E82: 0.024989 | F82: 18.616 | G82: 7 | H82: =AND(E82<>"",F82<=100,G82>=2) -> TRUE
A83: 2022-05 | B83: =VALUE(LEFT(A83,4)) -> 2022 | C83: =VALUE(RIGHT(A83,2)) -> 5 | D83: Reference | E83: 0.058377 | F83: 17.11 | G83: 7 | H83: =AND(E83<>"",F83<=100,G83>=2) -> TRUE
A84: 2022-06 | B84: =VALUE(LEFT(A84,4)) -> 2022 | C84: =VALUE(RIGHT(A84,2)) -> 6 | D84: KJA | G84: 3 | H84: =AND(E84<>"",F84<=100,G84>=2) -> FALSE
A85: 2022-06 | B85: =VALUE(LEFT(A85,4)) -> 2022 | C85: =VALUE(RIGHT(A85,2)) -> 6 | D85: Reference | E85: -0.030915 | F85: 6.511 | G85: 3 | H85: =AND(E85<>"",F85<=100,G85>=2) -> TRUE
A86: 2022-07 | B86: =VALUE(LEFT(A86,4)) -> 2022 | C86: =VALUE(RIGHT(A86,2)) -> 7 | D86: KJA | E86: 0.052904 | F86: 15.578 | G86: 6 | H86: =AND(E86<>"",F86<=100,G86>=2) -> TRUE
A87: 2022-07 | B87: =VALUE(LEFT(A87,4)) -> 2022 | C87: =VALUE(RIGHT(A87,2)) -> 7 | D87: Reference | E87: 0.006417 | F87: 20.905 | G87: 6 | H87: =AND(E87<>"",F87<=100,G87>=2) -> TRUE
A88: 2022-08 | B88: =VALUE(LEFT(A88,4)) -> 2022 | C88: =VALUE(RIGHT(A88,2)) -> 8 | D88: KJA | E88: 0.031045 | F88: 10.452 | G88: 12 | H88: =AND(E88<>"",F88<=100,G88>=2) -> TRUE
A89: 2022-08 | B89: =VALUE(LEFT(A89,4)) -> 2022 | C89: =VALUE(RIGHT(A89,2)) -> 8 | D89: Reference | E89: 0.020846 | F89: 12.085 | G89: 12 | H89: =AND(E89<>"",F89<=100,G89>=2) -> TRUE
A90: 2022-09 | B90: =VALUE(LEFT(A90,4)) -> 2022 | C90: =VALUE(RIGHT(A90,2)) -> 9 | D90: KJA | G90: 3 | H90: =AND(E90<>"",F90<=100,G90>=2) -> FALSE
A91: 2022-09 | B91: =VALUE(LEFT(A91,4)) -> 2022 | C91: =VALUE(RIGHT(A91,2)) -> 9 | D91: Reference | G91: 3 | H91: =AND(E91<>"",F91<=100,G91>=2) -> FALSE
A92: 2022-10 | B92: =VALUE(LEFT(A92,4)) -> 2022 | C92: =VALUE(RIGHT(A92,2)) -> 10 | D92: KJA | G92: 1 | H92: =AND(E92<>"",F92<=100,G92>=2) -> FALSE
A93: 2022-10 | B93: =VALUE(LEFT(A93,4)) -> 2022 | C93: =VALUE(RIGHT(A93,2)) -> 10 | D93: Reference | G93: 1 | H93: =AND(E93<>"",F93<=100,G93>=2) -> FALSE
A94: 2022-11 | B94: =VALUE(LEFT(A94,4)) -> 2022 | C94: =VALUE(RIGHT(A94,2)) -> 11 | D94: KJA | G94: 0 | H94: =AND(E94<>"",F94<=100,G94>=2) -> FALSE
A95: 2022-11 | B95: =VALUE(LEFT(A95,4)) -> 2022 | C95: =VALUE(RIGHT(A95,2)) -> 11 | D95: Reference | G95: 0 | H95: =AND(E95<>"",F95<=100,G95>=2) -> FALSE
A96: 2022-12 | B96: =VALUE(LEFT(A96,4)) -> 2022 | C96: =VALUE(RIGHT(A96,2)) -> 12 | D96: KJA | G96: 0 | H96: =AND(E96<>"",F96<=100,G96>=2) -> FALSE
A97: 2022-12 | B97: =VALUE(LEFT(A97,4)) -> 2022 | C97: =VALUE(RIGHT(A97,2)) -> 12 | D97: Reference | G97: 0 | H97: =AND(E97<>"",F97<=100,G97>=2) -> FALSE
A98: 2023-01 | B98: =VALUE(LEFT(A98,4)) -> 2023 | C98: =VALUE(RIGHT(A98,2)) -> 1 | D98: KJA | E98: -0.008046 | F98: 9.123 | G98: 3 | H98: =AND(E98<>"",F98<=100,G98>=2) -> TRUE
A99: 2023-01 | B99: =VALUE(LEFT(A99,4)) -> 2023 | C99: =VALUE(RIGHT(A99,2)) -> 1 | D99: Reference | E99: 0.023121 | F99: 29.895 | G99: 3 | H99: =AND(E99<>"",F99<=100,G99>=2) -> TRUE
A100: 2023-02 | B100: =VALUE(LEFT(A100,4)) -> 2023 | C100: =VALUE(RIGHT(A100,2)) -> 2 | D100: KJA | E100: 0.009691 | F100: 20.516 | G100: 4 | H100: =AND(E100<>"",F100<=100,G100>=2) -> TRUE
A101: 2023-02 | B101: =VALUE(LEFT(A101,4)) -> 2023 | C101: =VALUE(RIGHT(A101,2)) -> 2 | D101: Reference | E101: -0.004176 | F101: 35.935 | G101: 4 | H101: =AND(E101<>"",F101<=100,G101>=2) -> TRUE
A102: 2023-03 | B102: =VALUE(LEFT(A102,4)) -> 2023 | C102: =VALUE(RIGHT(A102,2)) -> 3 | D102: KJA | E102: 0.028473 | F102: 47.9 | G102: 8 | H102: =AND(E102<>"",F102<=100,G102>=2) -> TRUE
A103: 2023-03 | B103: =VALUE(LEFT(A103,4)) -> 2023 | C103: =VALUE(RIGHT(A103,2)) -> 3 | D103: Reference | E103: 0.029766 | F103: 37.973 | G103: 8 | H103: =AND(E103<>"",F103<=100,G103>=2) -> TRUE
A104: 2023-04 | B104: =VALUE(LEFT(A104,4)) -> 2023 | C104: =VALUE(RIGHT(A104,2)) -> 4 | D104: KJA | E104: 0.018965 | F104: 24.026 | G104: 11 | H104: =AND(E104<>"",F104<=100,G104>=2) -> TRUE
A105: 2023-04 | B105: =VALUE(LEFT(A105,4)) -> 2023 | C105: =VALUE(RIGHT(A105,2)) -> 4 | D105: Reference | E105: 0.017397 | F105: 23.067 | G105: 11 | H105: =AND(E105<>"",F105<=100,G105>=2) -> TRUE
A106: 2023-05 | B106: =VALUE(LEFT(A106,4)) -> 2023 | C106: =VALUE(RIGHT(A106,2)) -> 5 | D106: KJA | E106: 0.032421 | F106: 16.908 | G106: 12 | H106: =AND(E106<>"",F106<=100,G106>=2) -> TRUE
A107: 2023-05 | B107: =VALUE(LEFT(A107,4)) -> 2023 | C107: =VALUE(RIGHT(A107,2)) -> 5 | D107: Reference | E107: 0.031036 | F107: 25.01 | G107: 12 | H107: =AND(E107<>"",F107<=100,G107>=2) -> TRUE
A108: 2023-06 | B108: =VALUE(LEFT(A108,4)) -> 2023 | C108: =VALUE(RIGHT(A108,2)) -> 6 | D108: KJA | E108: 0.061317 | F108: 17.687 | G108: 12 | H108: =AND(E108<>"",F108<=100,G108>=2) -> TRUE
A109: 2023-06 | B109: =VALUE(LEFT(A109,4)) -> 2023 | C109: =VALUE(RIGHT(A109,2)) -> 6 | D109: Reference | E109: 0.018371 | F109: 9.214 | G109: 12 | H109: =AND(E109<>"",F109<=100,G109>=2) -> TRUE
... A119: 2023-11 | B119: =VALUE(LEFT(A119,4)) -> 2023 | C119: =VALUE(RIGHT(A119,2)) -> 11 | D119: Reference | E119: 0.031217 | F119: 16.47 | G119: 3 | H119: =AND(E119<>"",F119<=100,G119>=2) -> TRUE
...

Sheet V1_Zona_Awal
A1: date | B1: tahun | C1: bulan | D1: zone | E1: NDCI | F1: TURB | G1: n_images | H1: QC_lolos | J1: Zona perkiraan awal. Pembanding saja.
A2: 2019-01 | B2: =VALUE(LEFT(A2,4)) -> 2019 | C2: =VALUE(RIGHT(A2,2)) -> 1 | D2: KJA | E2: 0.029868 | F2: 45.766 | G2: 7 | H2: =AND(E2<>"",F2<=100,G2>=2) -> TRUE
A3: 2019-01 | B3: =VALUE(LEFT(A3,4)) -> 2019 | C3: =VALUE(RIGHT(A3,2)) -> 1 | D3: Reference | E3: 0.050975 | F3: 29.663 | G3: 7 | H3: =AND(E3<>"",F3<=100,G3>=2) -> TRUE
A4: 2019-02 | B4: =VALUE(LEFT(A4,4)) -> 2019 | C4: =VALUE(RIGHT(A4,2)) -> 2 | D4: KJA | E4: 0.018417 | F4: 44.497 | G4: 15 | H4: =AND(E4<>"",F4<=100,G4>=2) -> TRUE
A5: 2019-02 | B5: =VALUE(LEFT(A5,4)) -> 2019 | C5: =VALUE(RIGHT(A5,2)) -> 2 | D5: Reference | E5: 0.012468 | F5: 31.447 | G5: 15 | H5: =AND(E5<>"",F5<=100,G5>=2) -> TRUE
A6: 2019-03 | B6: =VALUE(LEFT(A6,4)) -> 2019 | C6: =VALUE(RIGHT(A6,2)) -> 3 | D6: KJA | E6: 0.002771 | F6: 19.243 | G6: 18 | H6: =AND(E6<>"",F6<=100,G6>=2) -> TRUE
A7: 2019-03 | B7: =VALUE(LEFT(A7,4)) -> 2019 | C7: =VALUE(RIGHT(A7,2)) -> 3 | D7: Reference | E7: 0.001087 | F7: 19.389 | G7: 18 | H7: =AND(E7<>"",F7<=100,G7>=2) -> TRUE
A8: 2019-04 | B8: =VALUE(LEFT(A8,4)) -> 2019 | C8: =VALUE(RIGHT(A8,2)) -> 4 | D8: KJA | E8: -0.048524 | F8: 8.67 | G8: 5 | H8: =AND(E8<>"",F8<=100,G8>=2) -> TRUE
A9: 2019-04 | B9: =VALUE(LEFT(A9,4)) -> 2019 | C9: =VALUE(RIGHT(A9,2)) -> 4 | D9: Reference | E9: 0.003645 | F9: 24.559 | G9: 5 | H9: =AND(E9<>"",F9<=100,G9>=2) -> TRUE
A10: 2019-05 | B10: =VALUE(LEFT(A10,4)) -> 2019 | C10: =VALUE(RIGHT(A10,2)) -> 5 | D10: KJA | E10: 0.042784 | F10: 10.748 | G10: 8 | H10: =AND(E10<>"",F10<=100,G10>=2) -> TRUE
A11: 2019-05 | B11: =VALUE(LEFT(A11,4)) -> 2019 | C11: =VALUE(RIGHT(A11,2)) -> 5 | D11: Reference | E11: 0.016632 | F11: 12.058 | G11: 8 | H11: =AND(E11<>"",F11<=100,G11>=2) -> TRUE
A12: 2019-06 | B12: =VALUE(LEFT(A12,4)) -> 2019 | C12: =VALUE(RIGHT(A12,2)) -> 6 | D12: KJA | E12: 0.078472 | F12: 12.931 | G12: 3 | H12: =AND(E12<>"",F12<=100,G12>=2) -> TRUE
A13: 2019-06 | B13: =VALUE(LEFT(A13,4)) -> 2019 | C13: =VALUE(RIGHT(A13,2)) -> 6 | D13: Reference | E13: 0.05851 | F13: 28.158 | G13: 3 | H13: =AND(E13<>"",F13<=100,G13>=2) -> TRUE
... A17: 2019-08 | B17: =VALUE(LEFT(A17,4)) -> 2019 | C17: =VALUE(RIGHT(A17,2)) -> 8 | D17: Reference | E17: 0.018252 | F17: 30.109 | G17: 7 | H17: =AND(E17<>"",F17<=100,G17>=2) -> TRUE
A18: 2019-09 | B18: =VALUE(LEFT(A18,4)) -> 2019 | C18: =VALUE(RIGHT(A18,2)) -> 9 | D18: KJA | G18: 0 | H18: =AND(E18<>"",F18<=100,G18>=2) -> FALSE
A19: 2019-09 | B19: =VALUE(LEFT(A19,4)) -> 2019 | C19: =VALUE(RIGHT(A19,2)) -> 9 | D19: Reference | G19: 0 | H19: =AND(E19<>"",F19<=100,G19>=2) -> FALSE
A20: 2019-10 | B20: =VALUE(LEFT(A20,4)) -> 2019 | C20: =VALUE(RIGHT(A20,2)) -> 10 | D20: KJA | G20: 2 | H20: =AND(E20<>"",F20<=100,G20>=2) -> FALSE
A21: 2019-10 | B21: =VALUE(LEFT(A21,4)) -> 2019 | C21: =VALUE(RIGHT(A21,2)) -> 10 | D21: Reference | E21: 0.021791 | F21: 71.109 | G21: 2 | H21: =AND(E21<>"",F21<=100,G21>=2) -> TRUE
A22: 2019-11 | B22: =VALUE(LEFT(A22,4)) -> 2019 | C22: =VALUE(RIGHT(A22,2)) -> 11 | D22: KJA | G22: 5 | H22: =AND(E22<>"",F22<=100,G22>=2) -> FALSE
A23: 2019-11 | B23: =VALUE(LEFT(A23,4)) -> 2019 | C23: =VALUE(RIGHT(A23,2)) -> 11 | D23: Reference | E23: 0.017054 | F23: 66.624 | G23: 5 | H23: =AND(E23<>"",F23<=100,G23>=2) -> TRUE
A24: 2019-12 | B24: =VALUE(LEFT(A24,4)) -> 2019 | C24: =VALUE(RIGHT(A24,2)) -> 12 | D24: KJA | E24: -0.001229 | F24: 19.765 | G24: 6 | H24: =AND(E24<>"",F24<=100,G24>=2) -> TRUE
A25: 2019-12 | B25: =VALUE(LEFT(A25,4)) -> 2019 | C25: =VALUE(RIGHT(A25,2)) -> 12 | D25: Reference | E25: 0.006213 | F25: 31.211 | G25: 6 | H25: =AND(E25<>"",F25<=100,G25>=2) -> TRUE
A26: 2020-01 | B26: =VALUE(LEFT(A26,4)) -> 2020 | C26: =VALUE(RIGHT(A26,2)) -> 1 | D26: KJA | E26: 0.048051 | F26: 25.31 | G26: 12 | H26: =AND(E26<>"",F26<=100,G26>=2) -> TRUE
A27: 2020-01 | B27: =VALUE(LEFT(A27,4)) -> 2020 | C27: =VALUE(RIGHT(A27,2)) -> 1 | D27: Reference | E27: -0.00728 | F27: 39.956 | G27: 12 | H27: =AND(E27<>"",F27<=100,G27>=2) -> TRUE
A28: 2020-02 | B28: =VALUE(LEFT(A28,4)) -> 2020 | C28: =VALUE(RIGHT(A28,2)) -> 2 | D28: KJA | E28: 0.055894 | F28: 17.363 | G28: 12 | H28: =AND(E28<>"",F28<=100,G28>=2) -> TRUE
A29: 2020-02 | B29: =VALUE(LEFT(A29,4)) -> 2020 | C29: =VALUE(RIGHT(A29,2)) -> 2 | D29: Reference | E29: 0.034839 | F29: 25.579 | G29: 12 | H29: =AND(E29<>"",F29<=100,G29>=2) -> TRUE
A30: 2020-03 | B30: =VALUE(LEFT(A30,4)) -> 2020 | C30: =VALUE(RIGHT(A30,2)) -> 3 | D30: KJA | E30: 0.008412 | F30: 18.837 | G30: 9 | H30: =AND(E30<>"",F30<=100,G30>=2) -> TRUE
A31: 2020-03 | B31: =VALUE(LEFT(A31,4)) -> 2020 | C31: =VALUE(RIGHT(A31,2)) -> 3 | D31: Reference | E31: 0.012151 | F31: 36.274 | G31: 9 | H31: =AND(E31<>"",F31<=100,G31>=2) -> TRUE
A32: 2020-04 | B32: =VALUE(LEFT(A32,4)) -> 2020 | C32: =VALUE(RIGHT(A32,2)) -> 4 | D32: KJA | E32: 0.064711 | F32: 31.32 | G32: 8 | H32: =AND(E32<>"",F32<=100,G32>=2) -> TRUE
A33: 2020-04 | B33: =VALUE(LEFT(A33,4)) -> 2020 | C33: =VALUE(RIGHT(A33,2)) -> 4 | D33: Reference | E33: 0.05367 | F33: 16.934 | G33: 8 | H33: =AND(E33<>"",F33<=100,G33>=2) -> TRUE
A34: 2020-05 | B34: =VALUE(LEFT(A34,4)) -> 2020 | C34: =VALUE(RIGHT(A34,2)) -> 5 | D34: KJA | G34: 0 | H34: =AND(E34<>"",F34<=100,G34>=2) -> FALSE
A35: 2020-05 | B35: =VALUE(LEFT(A35,4)) -> 2020 | C35: =VALUE(RIGHT(A35,2)) -> 5 | D35: Reference | G35: 0 | H35: =AND(E35<>"",F35<=100,G35>=2) -> FALSE
A36: 2020-06 | B36: =VALUE(LEFT(A36,4)) -> 2020 | C36: =VALUE(RIGHT(A36,2)) -> 6 | D36: KJA | E36: -0.008669 | F36: 9.216 | G36: 10 | H36: =AND(E36<>"",F36<=100,G36>=2) -> TRUE
A37: 2020-06 | B37: =VALUE(LEFT(A37,4)) -> 2020 | C37: =VALUE(RIGHT(A37,2)) -> 6 | D37: Reference | E37: 0.01953 | F37: 17.474 | G37: 10 | H37: =AND(E37<>"",F37<=100,G37>=2) -> TRUE
A38: 2020-07 | B38: =VALUE(LEFT(A38,4)) -> 2020 | C38: =VALUE(RIGHT(A38,2)) -> 7 | D38: KJA | E38: 0.004299 | F38: 10.962 | G38: 10 | H38: =AND(E38<>"",F38<=100,G38>=2) -> TRUE
A39: 2020-07 | B39: =VALUE(LEFT(A39,4)) -> 2020 | C39: =VALUE(RIGHT(A39,2)) -> 7 | D39: Reference | E39: 0.016096 | F39: 16.265 | G39: 10 | H39: =AND(E39<>"",F39<=100,G39>=2) -> TRUE
A40: 2020-08 | B40: =VALUE(LEFT(A40,4)) -> 2020 | C40: =VALUE(RIGHT(A40,2)) -> 8 | D40: KJA | E40: 0.018734 | F40: 18.409 | G40: 9 | H40: =AND(E40<>"",F40<=100,G40>=2) -> TRUE
A41: 2020-08 | B41: =VALUE(LEFT(A41,4)) -> 2020 | C41: =VALUE(RIGHT(A41,2)) -> 8 | D41: Reference | E41: 0.011789 | F41: 22.594 | G41: 9 | H41: =AND(E41<>"",F41<=100,G41>=2) -> TRUE
A42: 2020-09 | B42: =VALUE(LEFT(A42,4)) -> 2020 | C42: =VALUE(RIGHT(A42,2)) -> 9 | D42: KJA | E42: 0.000881 | F42: 23.992 | G42: 9 | H42: =AND(E42<>"",F42<=100,G42>=2) -> TRUE
A43: 2020-09 | B43: =VALUE(LEFT(A43,4)) -> 2020 | C43: =VALUE(RIGHT(A43,2)) -> 9 | D43: Reference | E43: 0.041668 | F43: 31.223 | G43: 9 | H43: =AND(E43<>"",F43<=100,G43>=2) -> TRUE
A44: 2020-10 | B44: =VALUE(LEFT(A44,4)) -> 2020 | C44: =VALUE(RIGHT(A44,2)) -> 10 | D44: KJA | G44: 0 | H44: =AND(E44<>"",F44<=100,G44>=2) -> FALSE
A45: 2020-10 | B45: =VALUE(LEFT(A45,4)) -> 2020 | C45: =VALUE(RIGHT(A45,2)) -> 10 | D45: Reference | G45: 0 | H45: =AND(E45<>"",F45<=100,G45>=2) -> FALSE
A46: 2020-11 | B46: =VALUE(LEFT(A46,4)) -> 2020 | C46: =VALUE(RIGHT(A46,2)) -> 11 | D46: KJA | G46: 0 | H46: =AND(E46<>"",F46<=100,G46>=2) -> FALSE
A47: 2020-11 | B47: =VALUE(LEFT(A47,4)) -> 2020 | C47: =VALUE(RIGHT(A47,2)) -> 11 | D47: Reference | G47: 0 | H47: =AND(E47<>"",F47<=100,G47>=2) -> FALSE
A48: 2020-12 | B48: =VALUE(LEFT(A48,4)) -> 2020 | C48: =VALUE(RIGHT(A48,2)) -> 12 | D48: KJA | E48: 0.077905 | F48: 20.344 | G48: 4 | H48: =AND(E48<>"",F48<=100,G48>=2) -> TRUE
A49: 2020-12 | B49: =VALUE(LEFT(A49,4)) -> 2020 | C49: =VALUE(RIGHT(A49,2)) -> 12 | D49: Reference | E49: 0.06233 | F49: 45.513 | G49: 4 | H49: =AND(E49<>"",F49<=100,G49>=2) -> TRUE
A50: 2021-01 | B50: =VALUE(LEFT(A50,4)) -> 2021 | C50: =VALUE(RIGHT(A50,2)) -> 1 | D50: KJA | G50: 0 | H50: =AND(E50<>"",F50<=100,G50>=2) -> FALSE
A51: 2021-01 | B51: =VALUE(LEFT(A51,4)) -> 2021 | C51: =VALUE(RIGHT(A51,2)) -> 1 | D51: Reference | G51: 0 | H51: =AND(E51<>"",F51<=100,G51>=2) -> FALSE
A52: 2021-02 | B52: =VALUE(LEFT(A52,4)) -> 2021 | C52: =VALUE(RIGHT(A52,2)) -> 2 | D52: KJA | E52: 0.01974 | F52: 13.741 | G52: 13 | H52: =AND(E52<>"",F52<=100,G52>=2) -> TRUE
A53: 2021-02 | B53: =VALUE(LEFT(A53,4)) -> 2021 | C53: =VALUE(RIGHT(A53,2)) -> 2 | D53: Reference | E53: 0.024052 | F53: 103.324 | G53: 13 | H53: =AND(E53<>"",F53<=100,G53>=2) -> FALSE
A54: 2021-03 | B54: =VALUE(LEFT(A54,4)) -> 2021 | C54: =VALUE(RIGHT(A54,2)) -> 3 | D54: KJA | E54: 0.014008 | F54: 29.061 | G54: 8 | H54: =AND(E54<>"",F54<=100,G54>=2) -> TRUE
A55: 2021-03 | B55: =VALUE(LEFT(A55,4)) -> 2021 | C55: =VALUE(RIGHT(A55,2)) -> 3 | D55: Reference | E55: 0.010782 | F55: 31.982 | G55: 8 | H55: =AND(E55<>"",F55<=100,G55>=2) -> TRUE
A56: 2021-04 | B56: =VALUE(LEFT(A56,4)) -> 2021 | C56: =VALUE(RIGHT(A56,2)) -> 4 | D56: KJA | E56: 0.030855 | F56: 27.547 | G56: 13 | H56: =AND(E56<>"",F56<=100,G56>=2) -> TRUE
A57: 2021-04 | B57: =VALUE(LEFT(A57,4)) -> 2021 | C57: =VALUE(RIGHT(A57,2)) -> 4 | D57: Reference | E57: 0.017492 | F57: 30.795 | G57: 13 | H57: =AND(E57<>"",F57<=100,G57>=2) -> TRUE
A58: 2021-05 | B58: =VALUE(LEFT(A58,4)) -> 2021 | C58: =VALUE(RIGHT(A58,2)) -> 5 | D58: KJA | E58: 0.025775 | F58: 20.418 | G58: 8 | H58: =AND(E58<>"",F58<=100,G58>=2) -> TRUE
A59: 2021-05 | B59: =VALUE(LEFT(A59,4)) -> 2021 | C59: =VALUE(RIGHT(A59,2)) -> 5 | D59: Reference | E59: -0.004477 | F59: 94.163 | G59: 8 | H59: =AND(E59<>"",F59<=100,G59>=2) -> TRUE
A60: 2021-06 | B60: =VALUE(LEFT(A60,4)) -> 2021 | C60: =VALUE(RIGHT(A60,2)) -> 6 | D60: KJA | E60: 0.031159 | F60: 13.035 | G60: 10 | H60: =AND(E60<>"",F60<=100,G60>=2) -> TRUE
A61: 2021-06 | B61: =VALUE(LEFT(A61,4)) -> 2021 | C61: =VALUE(RIGHT(A61,2)) -> 6 | D61: Reference | E61: 0.018323 | F61: 140.254 | G61: 10 | H61: =AND(E61<>"",F61<=100,G61>=2) -> FALSE
A62: 2021-07 | B62: =VALUE(LEFT(A62,4)) -> 2021 | C62: =VALUE(RIGHT(A62,2)) -> 7 | D62: KJA | E62: 0.044208 | F62: 23.692 | G62: 7 | H62: =AND(E62<>"",F62<=100,G62>=2) -> TRUE
A63: 2021-07 | B63: =VALUE(LEFT(A63,4)) -> 2021 | C63: =VALUE(RIGHT(A63,2)) -> 7 | D63: Reference | E63: 0.036406 | F63: 32.951 | G63: 7 | H63: =AND(E63<>"",F63<=100,G63>=2) -> TRUE
... A71: 2021-11 | B71: =VALUE(LEFT(A71,4)) -> 2021 | C71: =VALUE(RIGHT(A71,2)) -> 11 | D71: Reference | E71: 0.060012 | F71: 106.674 | G71: 3 | H71: =AND(E71<>"",F71<=100,G71>=2) -> FALSE
A72: 2021-12 | B72: =VALUE(LEFT(A72,4)) -> 2021 | C72: =VALUE(RIGHT(A72,2)) -> 12 | D72: KJA | G72: 4 | H72: =AND(E72<>"",F72<=100,G72>=2) -> FALSE
A73: 2021-12 | B73: =VALUE(LEFT(A73,4)) -> 2021 | C73: =VALUE(RIGHT(A73,2)) -> 12 | D73: Reference | E73: 0.002909 | F73: 47.889 | G73: 4 | H73: =AND(E73<>"",F73<=100,G73>=2) -> TRUE
A74: 2022-01 | B74: =VALUE(LEFT(A74,4)) -> 2022 | C74: =VALUE(RIGHT(A74,2)) -> 1 | D74: KJA | E74: -0.005318 | F74: 13.45 | G74: 11 | H74: =AND(E74<>"",F74<=100,G74>=2) -> TRUE
A75: 2022-01 | B75: =VALUE(LEFT(A75,4)) -> 2022 | C75: =VALUE(RIGHT(A75,2)) -> 1 | D75: Reference | E75: 0.013226 | F75: 15.817 | G75: 11 | H75: =AND(E75<>"",F75<=100,G75>=2) -> TRUE
A76: 2022-02 | B76: =VALUE(LEFT(A76,4)) -> 2022 | C76: =VALUE(RIGHT(A76,2)) -> 2 | D76: KJA | E76: 0.005589 | F76: 7.656 | G76: 3 | H76: =AND(E76<>"",F76<=100,G76>=2) -> TRUE
A77: 2022-02 | B77: =VALUE(LEFT(A77,4)) -> 2022 | C77: =VALUE(RIGHT(A77,2)) -> 2 | D77: Reference | E77: -0.007312 | F77: 6.921 | G77: 3 | H77: =AND(E77<>"",F77<=100,G77>=2) -> TRUE
A78: 2022-03 | B78: =VALUE(LEFT(A78,4)) -> 2022 | C78: =VALUE(RIGHT(A78,2)) -> 3 | D78: KJA | E78: 0.01001 | F78: 7.598 | G78: 13 | H78: =AND(E78<>"",F78<=100,G78>=2) -> TRUE
A79: 2022-03 | B79: =VALUE(LEFT(A79,4)) -> 2022 | C79: =VALUE(RIGHT(A79,2)) -> 3 | D79: Reference | E79: 0.025841 | F79: 35.82 | G79: 13 | H79: =AND(E79<>"",F79<=100,G79>=2) -> TRUE
A80: 2022-04 | B80: =VALUE(LEFT(A80,4)) -> 2022 | C80: =VALUE(RIGHT(A80,2)) -> 4 | D80: KJA | G80: 6 | H80: =AND(E80<>"",F80<=100,G80>=2) -> FALSE
A81: 2022-04 | B81: =VALUE(LEFT(A81,4)) -> 2022 | C81: =VALUE(RIGHT(A81,2)) -> 4 | D81: Reference | E81: -0.003988 | F81: 32.005 | G81: 6 | H81: =AND(E81<>"",F81<=100,G81>=2) -> TRUE
A82: 2022-05 | B82: =VALUE(LEFT(A82,4)) -> 2022 | C82: =VALUE(RIGHT(A82,2)) -> 5 | D82: KJA | E82: 0.085183 | F82: 13.772 | G82: 7 | H82: =AND(E82<>"",F82<=100,G82>=2) -> TRUE
A83: 2022-05 | B83: =VALUE(LEFT(A83,4)) -> 2022 | C83: =VALUE(RIGHT(A83,2)) -> 5 | D83: Reference | E83: 0.048749 | F83: 16.453 | G83: 7 | H83: =AND(E83<>"",F83<=100,G83>=2) -> TRUE
A84: 2022-06 | B84: =VALUE(LEFT(A84,4)) -> 2022 | C84: =VALUE(RIGHT(A84,2)) -> 6 | D84: KJA | G84: 3 | H84: =AND(E84<>"",F84<=100,G84>=2) -> FALSE
A85: 2022-06 | B85: =VALUE(LEFT(A85,4)) -> 2022 | C85: =VALUE(RIGHT(A85,2)) -> 6 | D85: Reference | E85: -0.00118 | F85: 14.421 | G85: 3 | H85: =AND(E85<>"",F85<=100,G85>=2) -> TRUE
A86: 2022-07 | B86: =VALUE(LEFT(A86,4)) -> 2022 | C86: =VALUE(RIGHT(A86,2)) -> 7 | D86: KJA | E86: 0.030966 | F86: 27.991 | G86: 6 | H86: =AND(E86<>"",F86<=100,G86>=2) -> TRUE
A87: 2022-07 | B87: =VALUE(LEFT(A87,4)) -> 2022 | C87: =VALUE(RIGHT(A87,2)) -> 7 | D87: Reference | E87: -0.001778 | F87: 16.223 | G87: 6 | H87: =AND(E87<>"",F87<=100,G87>=2) -> TRUE
A88: 2022-08 | B88: =VALUE(LEFT(A88,4)) -> 2022 | C88: =VALUE(RIGHT(A88,2)) -> 8 | D88: KJA | E88: 0.043275 | F88: 20.169 | G88: 12 | H88: =AND(E88<>"",F88<=100,G88>=2) -> TRUE
A89: 2022-08 | B89: =VALUE(LEFT(A89,4)) -> 2022 | C89: =VALUE(RIGHT(A89,2)) -> 8 | D89: Reference | E89: 0.034966 | F89: 24.071 | G89: 12 | H89: =AND(E89<>"",F89<=100,G89>=2) -> TRUE
A90: 2022-09 | B90: =VALUE(LEFT(A90,4)) -> 2022 | C90: =VALUE(RIGHT(A90,2)) -> 9 | D90: KJA | G90: 3 | H90: =AND(E90<>"",F90<=100,G90>=2) -> FALSE
A91: 2022-09 | B91: =VALUE(LEFT(A91,4)) -> 2022 | C91: =VALUE(RIGHT(A91,2)) -> 9 | D91: Reference | G91: 3 | H91: =AND(E91<>"",F91<=100,G91>=2) -> FALSE
A92: 2022-10 | B92: =VALUE(LEFT(A92,4)) -> 2022 | C92: =VALUE(RIGHT(A92,2)) -> 10 | D92: KJA | G92: 1 | H92: =AND(E92<>"",F92<=100,G92>=2) -> FALSE
A93: 2022-10 | B93: =VALUE(LEFT(A93,4)) -> 2022 | C93: =VALUE(RIGHT(A93,2)) -> 10 | D93: Reference | G93: 1 | H93: =AND(E93<>"",F93<=100,G93>=2) -> FALSE
A94: 2022-11 | B94: =VALUE(LEFT(A94,4)) -> 2022 | C94: =VALUE(RIGHT(A94,2)) -> 11 | D94: KJA | G94: 0 | H94: =AND(E94<>"",F94<=100,G94>=2) -> FALSE
A95: 2022-11 | B95: =VALUE(LEFT(A95,4)) -> 2022 | C95: =VALUE(RIGHT(A95,2)) -> 11 | D95: Reference | G95: 0 | H95: =AND(E95<>"",F95<=100,G95>=2) -> FALSE
A96: 2022-12 | B96: =VALUE(LEFT(A96,4)) -> 2022 | C96: =VALUE(RIGHT(A96,2)) -> 12 | D96: KJA | G96: 0 | H96: =AND(E96<>"",F96<=100,G96>=2) -> FALSE
A97: 2022-12 | B97: =VALUE(LEFT(A97,4)) -> 2022 | C97: =VALUE(RIGHT(A97,2)) -> 12 | D97: Reference | G97: 0 | H97: =AND(E97<>"",F97<=100,G97>=2) -> FALSE
A98: 2023-01 | B98: =VALUE(LEFT(A98,4)) -> 2023 | C98: =VALUE(RIGHT(A98,2)) -> 1 | D98: KJA | E98: 0.005764 | F98: 10.933 | G98: 3 | H98: =AND(E98<>"",F98<=100,G98>=2) -> TRUE
A99: 2023-01 | B99: =VALUE(LEFT(A99,4)) -> 2023 | C99: =VALUE(RIGHT(A99,2)) -> 1 | D99: Reference | E99: 0.042019 | F99: 33.926 | G99: 3 | H99: =AND(E99<>"",F99<=100,G99>=2) -> TRUE
A100: 2023-02 | B100: =VALUE(LEFT(A100,4)) -> 2023 | C100: =VALUE(RIGHT(A100,2)) -> 2 | D100: KJA | E100: -0.029049 | F100: 10.578 | G100: 4 | H100: =AND(E100<>"",F100<=100,G100>=2) -> TRUE
A101: 2023-02 | B101: =VALUE(LEFT(A101,4)) -> 2023 | C101: =VALUE(RIGHT(A101,2)) -> 2 | D101: Reference | E101: 0.01104 | F101: 35.145 | G101: 4 | H101: =AND(E101<>"",F101<=100,G101>=2) -> TRUE
A102: 2023-03 | B102: =VALUE(LEFT(A102,4)) -> 2023 | C102: =VALUE(RIGHT(A102,2)) -> 3 | D102: KJA | E102: 0.008307 | F102: 37.138 | G102: 8 | H102: =AND(E102<>"",F102<=100,G102>=2) -> TRUE
A103: 2023-03 | B103: =VALUE(LEFT(A103,4)) -> 2023 | C103: =VALUE(RIGHT(A103,2)) -> 3 | D103: Reference | E103: 0.037432 | F103: 33.734 | G103: 8 | H103: =AND(E103<>"",F103<=100,G103>=2) -> TRUE
A104: 2023-04 | B104: =VALUE(LEFT(A104,4)) -> 2023 | C104: =VALUE(RIGHT(A104,2)) -> 4 | D104: KJA | E104: 0.015141 | F104: 23.207 | G104: 11 | H104: =AND(E104<>"",F104<=100,G104>=2) -> TRUE
A105: 2023-04 | B105: =VALUE(LEFT(A105,4)) -> 2023 | C105: =VALUE(RIGHT(A105,2)) -> 4 | D105: Reference | E105: 0.019721 | F105: 24.905 | G105: 11 | H105: =AND(E105<>"",F105<=100,G105>=2) -> TRUE
A106: 2023-05 | B106: =VALUE(LEFT(A106,4)) -> 2023 | C106: =VALUE(RIGHT(A106,2)) -> 5 | D106: KJA | E106: 0.03497 | F106: 28.218 | G106: 12 | H106: =AND(E106<>"",F106<=100,G106>=2) -> TRUE
A107: 2023-05 | B107: =VALUE(LEFT(A107,4)) -> 2023 | C107: =VALUE(RIGHT(A107,2)) -> 5 | D107: Reference | E107: 0.022317 | F107: 41.291 | G107: 12 | H107: =AND(E107<>"",F107<=100,G107>=2) -> TRUE
A108: 2023-06 | B108: =VALUE(LEFT(A108,4)) -> 2023 | C108: =VALUE(RIGHT(A108,2)) -> 6 | D108: KJA | E108: 0.031586 | F108: 22.645 | G108: 12 | H108: =AND(E108<>"",F108<=100,G108>=2) -> TRUE
A109: 2023-06 | B109: =VALUE(LEFT(A109,4)) -> 2023 | C109: =VALUE(RIGHT(A109,2)) -> 6 | D109: Reference | E109: 0.018607 | F109: 15.05 | G109: 12 | H109: =AND(E109<>"",F109<=100,G109>=2) -> TRUE
... A115: 2023-09 | B115: =VALUE(LEFT(A115,4)) -> 2023 | C115: =VALUE(RIGHT(A115,2)) -> 9 | D115: Reference | E115: 0.021427 | F115: 75.788 | G115: 9 | H115: =AND(E115<>"",F115<=100,G115>=2) -> TRUE
...

Sheet V2_Ditolak
A1: date | B1: tahun | C1: bulan | D1: zone | E1: NDCI | F1: TURB | G1: n_images | H1: QC_lolos | J1: DITOLAK: referensi terkontaminasi (TURB tinggi).
A2: 2019-01 | B2: =VALUE(LEFT(A2,4)) -> 2019 | C2: =VALUE(RIGHT(A2,2)) -> 1 | D2: KJA | E2: 0.048788 | F2: 31.509 | G2: 7 | H2: =AND(E2<>"",F2<=100,G2>=2) -> TRUE
A3: 2019-01 | B3: =VALUE(LEFT(A3,4)) -> 2019 | C3: =VALUE(RIGHT(A3,2)) -> 1 | D3: Reference | G3: 7 | H3: =AND(E3<>"",F3<=100,G3>=2) -> FALSE
A4: 2019-02 | B4: =VALUE(LEFT(A4,4)) -> 2019 | C4: =VALUE(RIGHT(A4,2)) -> 2 | D4: KJA | E4: 0.008792 | F4: 24.241 | G4: 15 | H4: =AND(E4<>"",F4<=100,G4>=2) -> TRUE
A5: 2019-02 | B5: =VALUE(LEFT(A5,4)) -> 2019 | C5: =VALUE(RIGHT(A5,2)) -> 2 | D5: Reference | E5: 0.005667 | F5: 756.501 | G5: 15 | H5: =AND(E5<>"",F5<=100,G5>=2) -> FALSE
A6: 2019-03 | B6: =VALUE(LEFT(A6,4)) -> 2019 | C6: =VALUE(RIGHT(A6,2)) -> 3 | D6: KJA | E6: 0.022084 | F6: 25.995 | G6: 18 | H6: =AND(E6<>"",F6<=100,G6>=2) -> TRUE
A7: 2019-03 | B7: =VALUE(LEFT(A7,4)) -> 2019 | C7: =VALUE(RIGHT(A7,2)) -> 3 | D7: Reference | E7: 0.034043 | F7: 377.218 | G7: 18 | H7: =AND(E7<>"",F7<=100,G7>=2) -> FALSE
A8: 2019-04 | B8: =VALUE(LEFT(A8,4)) -> 2019 | C8: =VALUE(RIGHT(A8,2)) -> 4 | D8: KJA | E8: -0.04818 | F8: 15.263 | G8: 5 | H8: =AND(E8<>"",F8<=100,G8>=2) -> TRUE
A9: 2019-04 | B9: =VALUE(LEFT(A9,4)) -> 2019 | C9: =VALUE(RIGHT(A9,2)) -> 4 | D9: Reference | G9: 5 | H9: =AND(E9<>"",F9<=100,G9>=2) -> FALSE
A10: 2019-05 | B10: =VALUE(LEFT(A10,4)) -> 2019 | C10: =VALUE(RIGHT(A10,2)) -> 5 | D10: KJA | E10: -0.011804 | F10: 14.52 | G10: 8 | H10: =AND(E10<>"",F10<=100,G10>=2) -> TRUE
A11: 2019-05 | B11: =VALUE(LEFT(A11,4)) -> 2019 | C11: =VALUE(RIGHT(A11,2)) -> 5 | D11: Reference | E11: 0.057129 | F11: 76.233 | G11: 8 | H11: =AND(E11<>"",F11<=100,G11>=2) -> TRUE
A12: 2019-06 | B12: =VALUE(LEFT(A12,4)) -> 2019 | C12: =VALUE(RIGHT(A12,2)) -> 6 | D12: KJA | E12: 0.057428 | F12: 19.417 | G12: 3 | H12: =AND(E12<>"",F12<=100,G12>=2) -> TRUE
A13: 2019-06 | B13: =VALUE(LEFT(A13,4)) -> 2019 | C13: =VALUE(RIGHT(A13,2)) -> 6 | D13: Reference | E13: 0.104391 | F13: 65.333 | G13: 3 | H13: =AND(E13<>"",F13<=100,G13>=2) -> TRUE
A14: 2019-07 | B14: =VALUE(LEFT(A14,4)) -> 2019 | C14: =VALUE(RIGHT(A14,2)) -> 7 | D14: KJA | E14: 0.007141 | F14: 14.462 | G14: 8 | H14: =AND(E14<>"",F14<=100,G14>=2) -> TRUE
A15: 2019-07 | B15: =VALUE(LEFT(A15,4)) -> 2019 | C15: =VALUE(RIGHT(A15,2)) -> 7 | D15: Reference | E15: 0.042336 | F15: 98.4 | G15: 8 | H15: =AND(E15<>"",F15<=100,G15>=2) -> TRUE
A16: 2019-08 | B16: =VALUE(LEFT(A16,4)) -> 2019 | C16: =VALUE(RIGHT(A16,2)) -> 8 | D16: KJA | E16: 0.030884 | F16: 29.181 | G16: 7 | H16: =AND(E16<>"",F16<=100,G16>=2) -> TRUE
A17: 2019-08 | B17: =VALUE(LEFT(A17,4)) -> 2019 | C17: =VALUE(RIGHT(A17,2)) -> 8 | D17: Reference | E17: 0.005338 | F17: 487.554 | G17: 7 | H17: =AND(E17<>"",F17<=100,G17>=2) -> FALSE
A18: 2019-09 | B18: =VALUE(LEFT(A18,4)) -> 2019 | C18: =VALUE(RIGHT(A18,2)) -> 9 | D18: KJA | G18: 0 | H18: =AND(E18<>"",F18<=100,G18>=2) -> FALSE
A19: 2019-09 | B19: =VALUE(LEFT(A19,4)) -> 2019 | C19: =VALUE(RIGHT(A19,2)) -> 9 | D19: Reference | G19: 0 | H19: =AND(E19<>"",F19<=100,G19>=2) -> FALSE
A20: 2019-10 | B20: =VALUE(LEFT(A20,4)) -> 2019 | C20: =VALUE(RIGHT(A20,2)) -> 10 | D20: KJA | G20: 2 | H20: =AND(E20<>"",F20<=100,G20>=2) -> FALSE
A21: 2019-10 | B21: =VALUE(LEFT(A21,4)) -> 2019 | C21: =VALUE(RIGHT(A21,2)) -> 10 | D21: Reference | E21: 0.002651 | F21: 618.746 | G21: 2 | H21: =AND(E21<>"",F21<=100,G21>=2) -> FALSE
A22: 2019-11 | B22: =VALUE(LEFT(A22,4)) -> 2019 | C22: =VALUE(RIGHT(A22,2)) -> 11 | D22: KJA | G22: 5 | H22: =AND(E22<>"",F22<=100,G22>=2) -> FALSE
A23: 2019-11 | B23: =VALUE(LEFT(A23,4)) -> 2019 | C23: =VALUE(RIGHT(A23,2)) -> 11 | D23: Reference | E23: 0.019156 | F23: 423.556 | G23: 5 | H23: =AND(E23<>"",F23<=100,G23>=2) -> FALSE
A24: 2019-12 | B24: =VALUE(LEFT(A24,4)) -> 2019 | C24: =VALUE(RIGHT(A24,2)) -> 12 | D24: KJA | E24: 0.014985 | F24: 26.461 | G24: 6 | H24: =AND(E24<>"",F24<=100,G24>=2) -> TRUE
A25: 2019-12 | B25: =VALUE(LEFT(A25,4)) -> 2019 | C25: =VALUE(RIGHT(A25,2)) -> 12 | D25: Reference | E25: 0.01009 | F25: 465.156 | G25: 6 | H25: =AND(E25<>"",F25<=100,G25>=2) -> FALSE
A26: 2020-01 | B26: =VALUE(LEFT(A26,4)) -> 2020 | C26: =VALUE(RIGHT(A26,2)) -> 1 | D26: KJA | E26: 0.03491 | F26: 21.988 | G26: 12 | H26: =AND(E26<>"",F26<=100,G26>=2) -> TRUE
A27: 2020-01 | B27: =VALUE(LEFT(A27,4)) -> 2020 | C27: =VALUE(RIGHT(A27,2)) -> 1 | D27: Reference | E27: 0.004573 | F27: 886.405 | G27: 12 | H27: =AND(E27<>"",F27<=100,G27>=2) -> FALSE
A28: 2020-02 | B28: =VALUE(LEFT(A28,4)) -> 2020 | C28: =VALUE(RIGHT(A28,2)) -> 2 | D28: KJA | E28: 0.032421 | F28: 26.557 | G28: 12 | H28: =AND(E28<>"",F28<=100,G28>=2) -> TRUE
A29: 2020-02 | B29: =VALUE(LEFT(A29,4)) -> 2020 | C29: =VALUE(RIGHT(A29,2)) -> 2 | D29: Reference | E29: 0.00445 | F29: 675.49 | G29: 12 | H29: =AND(E29<>"",F29<=100,G29>=2) -> FALSE
A30: 2020-03 | B30: =VALUE(LEFT(A30,4)) -> 2020 | C30: =VALUE(RIGHT(A30,2)) -> 3 | D30: KJA | E30: 0.013056 | F30: 19.093 | G30: 9 | H30: =AND(E30<>"",F30<=100,G30>=2) -> TRUE
A31: 2020-03 | B31: =VALUE(LEFT(A31,4)) -> 2020 | C31: =VALUE(RIGHT(A31,2)) -> 3 | D31: Reference | E31: 0.01041 | F31: 566.829 | G31: 9 | H31: =AND(E31<>"",F31<=100,G31>=2) -> FALSE
A32: 2020-04 | B32: =VALUE(LEFT(A32,4)) -> 2020 | C32: =VALUE(RIGHT(A32,2)) -> 4 | D32: KJA | E32: 0.026341 | F32: 18.355 | G32: 8 | H32: =AND(E32<>"",F32<=100,G32>=2) -> TRUE
A33: 2020-04 | B33: =VALUE(LEFT(A33,4)) -> 2020 | C33: =VALUE(RIGHT(A33,2)) -> 4 | D33: Reference | E33: 0.122007 | F33: 81.167 | G33: 8 | H33: =AND(E33<>"",F33<=100,G33>=2) -> TRUE
A34: 2020-05 | B34: =VALUE(LEFT(A34,4)) -> 2020 | C34: =VALUE(RIGHT(A34,2)) -> 5 | D34: KJA | G34: 0 | H34: =AND(E34<>"",F34<=100,G34>=2) -> FALSE
A35: 2020-05 | B35: =VALUE(LEFT(A35,4)) -> 2020 | C35: =VALUE(RIGHT(A35,2)) -> 5 | D35: Reference | G35: 0 | H35: =AND(E35<>"",F35<=100,G35>=2) -> FALSE
A36: 2020-06 | B36: =VALUE(LEFT(A36,4)) -> 2020 | C36: =VALUE(RIGHT(A36,2)) -> 6 | D36: KJA | E36: -0.013381 | F36: 13.143 | G36: 10 | H36: =AND(E36<>"",F36<=100,G36>=2) -> TRUE
A37: 2020-06 | B37: =VALUE(LEFT(A37,4)) -> 2020 | C37: =VALUE(RIGHT(A37,2)) -> 6 | D37: Reference | E37: 0.007741 | F37: 777.169 | G37: 10 | H37: =AND(E37<>"",F37<=100,G37>=2) -> FALSE
A38: 2020-07 | B38: =VALUE(LEFT(A38,4)) -> 2020 | C38: =VALUE(RIGHT(A38,2)) -> 7 | D38: KJA | E38: -0.005597 | F38: 12.86 | G38: 10 | H38: =AND(E38<>"",F38<=100,G38>=2) -> TRUE
A39: 2020-07 | B39: =VALUE(LEFT(A39,4)) -> 2020 | C39: =VALUE(RIGHT(A39,2)) -> 7 | D39: Reference | E39: 0.063458 | F39: 502.973 | G39: 10 | H39: =AND(E39<>"",F39<=100,G39>=2) -> FALSE
A40: 2020-08 | B40: =VALUE(LEFT(A40,4)) -> 2020 | C40: =VALUE(RIGHT(A40,2)) -> 8 | D40: KJA | E40: -0.002001 | F40: 14.615 | G40: 9 | H40: =AND(E40<>"",F40<=100,G40>=2) -> TRUE
A41: 2020-08 | B41: =VALUE(LEFT(A41,4)) -> 2020 | C41: =VALUE(RIGHT(A41,2)) -> 8 | D41: Reference | E41: 0.179555 | F41: 69.417 | G41: 9 | H41: =AND(E41<>"",F41<=100,G41>=2) -> TRUE
A42: 2020-09 | B42: =VALUE(LEFT(A42,4)) -> 2020 | C42: =VALUE(RIGHT(A42,2)) -> 9 | D42: KJA | E42: 0.009632 | F42: 24.587 | G42: 9 | H42: =AND(E42<>"",F42<=100,G42>=2) -> TRUE
A43: 2020-09 | B43: =VALUE(LEFT(A43,4)) -> 2020 | C43: =VALUE(RIGHT(A43,2)) -> 9 | D43: Reference | E43: 0.008594 | F43: 744.611 | G43: 9 | H43: =AND(E43<>"",F43<=100,G43>=2) -> FALSE
A44: 2020-10 | B44: =VALUE(LEFT(A44,4)) -> 2020 | C44: =VALUE(RIGHT(A44,2)) -> 10 | D44: KJA | G44: 0 | H44: =AND(E44<>"",F44<=100,G44>=2) -> FALSE
A45: 2020-10 | B45: =VALUE(LEFT(A45,4)) -> 2020 | C45: =VALUE(RIGHT(A45,2)) -> 10 | D45: Reference | G45: 0 | H45: =AND(E45<>"",F45<=100,G45>=2) -> FALSE
A46: 2020-11 | B46: =VALUE(LEFT(A46,4)) -> 2020 | C46: =VALUE(RIGHT(A46,2)) -> 11 | D46: KJA | G46: 0 | H46: =AND(E46<>"",F46<=100,G46>=2) -> FALSE
A47: 2020-11 | B47: =VALUE(LEFT(A47,4)) -> 2020 | C47: =VALUE(RIGHT(A47,2)) -> 11 | D47: Reference | G47: 0 | H47: =AND(E47<>"",F47<=100,G47>=2) -> FALSE
A48: 2020-12 | B48: =VALUE(LEFT(A48,4)) -> 2020 | C48: =VALUE(RIGHT(A48,2)) -> 12 | D48: KJA | E48: 0.045619 | F48: 26.102 | G48: 4 | H48: =AND(E48<>"",F48<=100,G48>=2) -> TRUE
A49: 2020-12 | B49: =VALUE(LEFT(A49,4)) -> 2020 | C49: =VALUE(RIGHT(A49,2)) -> 12 | D49: Reference | E49: 0.176099 | F49: 70.9 | G49: 4 | H49: =AND(E49<>"",F49<=100,G49>=2) -> TRUE
A50: 2021-01 | B50: =VALUE(LEFT(A50,4)) -> 2021 | C50: =VALUE(RIGHT(A50,2)) -> 1 | D50: KJA | G50: 0 | H50: =AND(E50<>"",F50<=100,G50>=2) -> FALSE
A51: 2021-01 | B51: =VALUE(LEFT(A51,4)) -> 2021 | C51: =VALUE(RIGHT(A51,2)) -> 1 | D51: Reference | G51: 0 | H51: =AND(E51<>"",F51<=100,G51>=2) -> FALSE
A52: 2021-02 | B52: =VALUE(LEFT(A52,4)) -> 2021 | C52: =VALUE(RIGHT(A52,2)) -> 2 | D52: KJA | E52: 0.020831 | F52: 25.737 | G52: 13 | H52: =AND(E52<>"",F52<=100,G52>=2) -> TRUE
A53: 2021-02 | B53: =VALUE(LEFT(A53,4)) -> 2021 | C53: =VALUE(RIGHT(A53,2)) -> 2 | D53: Reference | E53: 0.006362 | F53: 787.215 | G53: 13 | H53: =AND(E53<>"",F53<=100,G53>=2) -> FALSE
A54: 2021-03 | B54: =VALUE(LEFT(A54,4)) -> 2021 | C54: =VALUE(RIGHT(A54,2)) -> 3 | D54: KJA | E54: 0.025065 | F54: 32.845 | G54: 8 | H54: =AND(E54<>"",F54<=100,G54>=2) -> TRUE
A55: 2021-03 | B55: =VALUE(LEFT(A55,4)) -> 2021 | C55: =VALUE(RIGHT(A55,2)) -> 3 | D55: Reference | E55: 0.009834 | F55: 745.471 | G55: 8 | H55: =AND(E55<>"",F55<=100,G55>=2) -> FALSE
A56: 2021-04 | B56: =VALUE(LEFT(A56,4)) -> 2021 | C56: =VALUE(RIGHT(A56,2)) -> 4 | D56: KJA | E56: 0.024697 | F56: 23.68 | G56: 13 | H56: =AND(E56<>"",F56<=100,G56>=2) -> TRUE
A57: 2021-04 | B57: =VALUE(LEFT(A57,4)) -> 2021 | C57: =VALUE(RIGHT(A57,2)) -> 4 | D57: Reference | E57: 0.010737 | F57: 922.031 | G57: 13 | H57: =AND(E57<>"",F57<=100,G57>=2) -> FALSE
A58: 2021-05 | B58: =VALUE(LEFT(A58,4)) -> 2021 | C58: =VALUE(RIGHT(A58,2)) -> 5 | D58: KJA | E58: -0.000285 | F58: 12.98 | G58: 8 | H58: =AND(E58<>"",F58<=100,G58>=2) -> TRUE
A59: 2021-05 | B59: =VALUE(LEFT(A59,4)) -> 2021 | C59: =VALUE(RIGHT(A59,2)) -> 5 | D59: Reference | E59: 0.011645 | F59: 686.28 | G59: 8 | H59: =AND(E59<>"",F59<=100,G59>=2) -> FALSE
A60: 2021-06 | B60: =VALUE(LEFT(A60,4)) -> 2021 | C60: =VALUE(RIGHT(A60,2)) -> 6 | D60: KJA | E60: -0.00775 | F60: 8.859 | G60: 10 | H60: =AND(E60<>"",F60<=100,G60>=2) -> TRUE
A61: 2021-06 | B61: =VALUE(LEFT(A61,4)) -> 2021 | C61: =VALUE(RIGHT(A61,2)) -> 6 | D61: Reference | E61: 0.005205 | F61: 933.249 | G61: 10 | H61: =AND(E61<>"",F61<=100,G61>=2) -> FALSE
A62: 2021-07 | B62: =VALUE(LEFT(A62,4)) -> 2021 | C62: =VALUE(RIGHT(A62,2)) -> 7 | D62: KJA | E62: 0.032528 | F62: 23.891 | G62: 7 | H62: =AND(E62<>"",F62<=100,G62>=2) -> TRUE
A63: 2021-07 | B63: =VALUE(LEFT(A63,4)) -> 2021 | C63: =VALUE(RIGHT(A63,2)) -> 7 | D63: Reference | G63: 7 | H63: =AND(E63<>"",F63<=100,G63>=2) -> FALSE
A64: 2021-08 | B64: =VALUE(LEFT(A64,4)) -> 2021 | C64: =VALUE(RIGHT(A64,2)) -> 8 | D64: KJA | E64: 0.038528 | F64: 56.644 | G64: 6 | H64: =AND(E64<>"",F64<=100,G64>=2) -> TRUE
A65: 2021-08 | B65: =VALUE(LEFT(A65,4)) -> 2021 | C65: =VALUE(RIGHT(A65,2)) -> 8 | D65: Reference | E65: 0.019558 | F65: 580.588 | G65: 6 | H65: =AND(E65<>"",F65<=100,G65>=2) -> FALSE
A66: 2021-09 | B66: =VALUE(LEFT(A66,4)) -> 2021 | C66: =VALUE(RIGHT(A66,2)) -> 9 | D66: KJA | E66: 0.032285 | F66: 38.358 | G66: 5 | H66: =AND(E66<>"",F66<=100,G66>=2) -> TRUE
A67: 2021-09 | B67: =VALUE(LEFT(A67,4)) -> 2021 | C67: =VALUE(RIGHT(A67,2)) -> 9 | D67: Reference | E67: 0.18239 | F67: 70.067 | G67: 5 | H67: =AND(E67<>"",F67<=100,G67>=2) -> TRUE
A68: 2021-10 | B68: =VALUE(LEFT(A68,4)) -> 2021 | C68: =VALUE(RIGHT(A68,2)) -> 10 | D68: KJA | E68: -0.005376 | F68: 15.165 | G68: 13 | H68: =AND(E68<>"",F68<=100,G68>=2) -> TRUE
A69: 2021-10 | B69: =VALUE(LEFT(A69,4)) -> 2021 | C69: =VALUE(RIGHT(A69,2)) -> 10 | D69: Reference | E69: 0.142985 | F69: 56.675 | G69: 13 | H69: =AND(E69<>"",F69<=100,G69>=2) -> TRUE
A70: 2021-11 | B70: =VALUE(LEFT(A70,4)) -> 2021 | C70: =VALUE(RIGHT(A70,2)) -> 11 | D70: KJA | E70: 0.021357 | F70: 24.354 | G70: 3 | H70: =AND(E70<>"",F70<=100,G70>=2) -> TRUE
A71: 2021-11 | B71: =VALUE(LEFT(A71,4)) -> 2021 | C71: =VALUE(RIGHT(A71,2)) -> 11 | D71: Reference | G71: 3 | H71: =AND(E71<>"",F71<=100,G71>=2) -> FALSE
A72: 2021-12 | B72: =VALUE(LEFT(A72,4)) -> 2021 | C72: =VALUE(RIGHT(A72,2)) -> 12 | D72: KJA | G72: 4 | H72: =AND(E72<>"",F72<=100,G72>=2) -> FALSE
A73: 2021-12 | B73: =VALUE(LEFT(A73,4)) -> 2021 | C73: =VALUE(RIGHT(A73,2)) -> 12 | D73: Reference | E73: 0.005646 | F73: 614.669 | G73: 4 | H73: =AND(E73<>"",F73<=100,G73>=2) -> FALSE
A74: 2022-01 | B74: =VALUE(LEFT(A74,4)) -> 2022 | C74: =VALUE(RIGHT(A74,2)) -> 1 | D74: KJA | E74: 0.012193 | F74: 16.167 | G74: 11 | H74: =AND(E74<>"",F74<=100,G74>=2) -> TRUE
A75: 2022-01 | B75: =VALUE(LEFT(A75,4)) -> 2022 | C75: =VALUE(RIGHT(A75,2)) -> 1 | D75: Reference | E75: 0.005405 | F75: 509.92 | G75: 11 | H75: =AND(E75<>"",F75<=100,G75>=2) -> FALSE
A76: 2022-02 | B76: =VALUE(LEFT(A76,4)) -> 2022 | C76: =VALUE(RIGHT(A76,2)) -> 2 | D76: KJA | E76: 0.027284 | F76: 10.786 | G76: 3 | H76: =AND(E76<>"",F76<=100,G76>=2) -> TRUE
A77: 2022-02 | B77: =VALUE(LEFT(A77,4)) -> 2022 | C77: =VALUE(RIGHT(A77,2)) -> 2 | D77: Reference | E77: 0.143487 | F77: 46.133 | G77: 3 | H77: =AND(E77<>"",F77<=100,G77>=2) -> TRUE
A78: 2022-03 | B78: =VALUE(LEFT(A78,4)) -> 2022 | C78: =VALUE(RIGHT(A78,2)) -> 3 | D78: KJA | E78: -8e-06 | F78: 14.633 | G78: 13 | H78: =AND(E78<>"",F78<=100,G78>=2) -> TRUE
A79: 2022-03 | B79: =VALUE(LEFT(A79,4)) -> 2022 | C79: =VALUE(RIGHT(A79,2)) -> 3 | D79: Reference | E79: -0.006954 | F79: 72.4 | G79: 13 | H79: =AND(E79<>"",F79<=100,G79>=2) -> TRUE
A80: 2022-04 | B80: =VALUE(LEFT(A80,4)) -> 2022 | C80: =VALUE(RIGHT(A80,2)) -> 4 | D80: KJA | G80: 6 | H80: =AND(E80<>"",F80<=100,G80>=2) -> FALSE
A81: 2022-04 | B81: =VALUE(LEFT(A81,4)) -> 2022 | C81: =VALUE(RIGHT(A81,2)) -> 4 | D81: Reference | E81: 0.102519 | F81: 72.6 | G81: 6 | H81: =AND(E81<>"",F81<=100,G81>=2) -> TRUE
A82: 2022-05 | B82: =VALUE(LEFT(A82,4)) -> 2022 | C82: =VALUE(RIGHT(A82,2)) -> 5 | D82: KJA | E82: 0.020702 | F82: 18.352 | G82: 7 | H82: =AND(E82<>"",F82<=100,G82>=2) -> TRUE
A83: 2022-05 | B83: =VALUE(LEFT(A83,4)) -> 2022 | C83: =VALUE(RIGHT(A83,2)) -> 5 | D83: Reference | E83: 0.020118 | F83: 403.586 | G83: 7 | H83: =AND(E83<>"",F83<=100,G83>=2) -> FALSE
A84: 2022-06 | B84: =VALUE(LEFT(A84,4)) -> 2022 | C84: =VALUE(RIGHT(A84,2)) -> 6 | D84: KJA | G84: 3 | H84: =AND(E84<>"",F84<=100,G84>=2) -> FALSE
A85: 2022-06 | B85: =VALUE(LEFT(A85,4)) -> 2022 | C85: =VALUE(RIGHT(A85,2)) -> 6 | D85: Reference | E85: 0.143939 | F85: 68.717 | G85: 3 | H85: =AND(E85<>"",F85<=100,G85>=2) -> TRUE
A86: 2022-07 | B86: =VALUE(LEFT(A86,4)) -> 2022 | C86: =VALUE(RIGHT(A86,2)) -> 7 | D86: KJA | E86: 0.05341 | F86: 15.67 | G86: 6 | H86: =AND(E86<>"",F86<=100,G86>=2) -> TRUE
A87: 2022-07 | B87: =VALUE(LEFT(A87,4)) -> 2022 | C87: =VALUE(RIGHT(A87,2)) -> 7 | D87: Reference | E87: 0.331337 | F87: 67 | G87: 6 | H87: =AND(E87<>"",F87<=100,G87>=2) -> TRUE
A88: 2022-08 | B88: =VALUE(LEFT(A88,4)) -> 2022 | C88: =VALUE(RIGHT(A88,2)) -> 8 | D88: KJA | E88: 0.028316 | F88: 10.479 | G88: 12 | H88: =AND(E88<>"",F88<=100,G88>=2) -> TRUE
A89: 2022-08 | B89: =VALUE(LEFT(A89,4)) -> 2022 | C89: =VALUE(RIGHT(A89,2)) -> 8 | D89: Reference | E89: 0.020924 | F89: 146.169 | G89: 12 | H89: =AND(E89<>"",F89<=100,G89>=2) -> FALSE
A90: 2022-09 | B90: =VALUE(LEFT(A90,4)) -> 2022 | C90: =VALUE(RIGHT(A90,2)) -> 9 | D90: KJA | G90: 3 | H90: =AND(E90<>"",F90<=100,G90>=2) -> FALSE
A91: 2022-09 | B91: =VALUE(LEFT(A91,4)) -> 2022 | C91: =VALUE(RIGHT(A91,2)) -> 9 | D91: Reference | G91: 3 | H91: =AND(E91<>"",F91<=100,G91>=2) -> FALSE
A92: 2022-10 | B92: =VALUE(LEFT(A92,4)) -> 2022 | C92: =VALUE(RIGHT(A92,2)) -> 10 | D92: KJA | G92: 1 | H92: =AND(E92<>"",F92<=100,G92>=2) -> FALSE
A93: 2022-10 | B93: =VALUE(LEFT(A93,4)) -> 2022 | C93: =VALUE(RIGHT(A93,2)) -> 10 | D93: Reference | G93: 1 | H93: =AND(E93<>"",F93<=100,G93>=2) -> FALSE
A94: 2022-11 | B94: =VALUE(LEFT(A94,4)) -> 2022 | C94: =VALUE(RIGHT(A94,2)) -> 11 | D94: KJA | G94: 0 | H94: =AND(E94<>"",F94<=100,G94>=2) -> FALSE
A95: 2022-11 | B95: =VALUE(LEFT(A95,4)) -> 2022 | C95: =VALUE(RIGHT(A95,2)) -> 11 | D95: Reference | G95: 0 | H95: =AND(E95<>"",F95<=100,G95>=2) -> FALSE
A96: 2022-12 | B96: =VALUE(LEFT(A96,4)) -> 2022 | C96: =VALUE(RIGHT(A96,2)) -> 12 | D96: KJA | G96: 0 | H96: =AND(E96<>"",F96<=100,G96>=2) -> FALSE
A97: 2022-12 | B97: =VALUE(LEFT(A97,4)) -> 2022 | C97: =VALUE(RIGHT(A97,2)) -> 12 | D97: Reference | G97: 0 | H97: =AND(E97<>"",F97<=100,G97>=2) -> FALSE
A98: 2023-01 | B98: =VALUE(LEFT(A98,4)) -> 2023 | C98: =VALUE(RIGHT(A98,2)) -> 1 | D98: KJA | E98: -0.014315 | F98: 9.162 | G98: 3 | H98: =AND(E98<>"",F98<=100,G98>=2) -> TRUE
A99: 2023-01 | B99: =VALUE(LEFT(A99,4)) -> 2023 | C99: =VALUE(RIGHT(A99,2)) -> 1 | D99: Reference | G99: 3 | H99: =AND(E99<>"",F99<=100,G99>=2) -> FALSE
A100: 2023-02 | B100: =VALUE(LEFT(A100,4)) -> 2023 | C100: =VALUE(RIGHT(A100,2)) -> 2 | D100: KJA | E100: 0.009217 | F100: 20.355 | G100: 4 | H100: =AND(E100<>"",F100<=100,G100>=2) -> TRUE
...

Sheet Titik_Lapangan
A1: versi | B1: titik | C1: tipe | D1: lat | E1: lon | F1: NDCI | G1: TURB | H1: catatan
A2: baru (buffer 30 m) | B2: Muara Pantai Mulia Raja | C2: impacted | D2: 2.341625 | E2: 99.062615 | F2: 0.026503 | G2: 35.184
A3: baru (buffer 30 m) | B3: Pelabuhan Balige | C3: impacted | D3: 2.340133 | E3: 99.062092 | F3: 0.049642 | G3: 75.923 | H3: tertinggi; cek pengaruh dermaga dan kapal
A4: baru (buffer 30 m) | B4: Tepi Danau Bistro | C4: shore | D4: 2.335157 | E4: 99.056492 | F4: 0.031171 | G4: 33.584
A5: baru (buffer 30 m) | B5: Tepi Danau Damar | C5: shore | D5: 2.341117 | E5: 99.052531 | F5: 0.037734 | G5: 23.467
A6: lama (titik, tanpa buffer) | B6: Pantai Bul Bul | D6: 2.357 | E6: 99.03 | H6: kosong: titik jatuh di darat
A7: lama (titik, tanpa buffer) | B7: Pelabuhan Onan Balige | D7: 2.345 | E7: 99.058 | F7: 0.014149 | G7: 29.6
A8: lama (titik, tanpa buffer) | B8: Lumban Silintong | D8: 2.352 | E8: 99.02 | F8: 0.024414 | G8: 21.65
A9: lama (titik, tanpa buffer) | B9: Desa Meat | D9: 2.392 | E9: 98.98 | F9: 0.018602 | G9: 27.95
A10: lama (titik, tanpa buffer) | B10: Sitoluama dekat IT Del | D10: 2.381 | E10: 99.14 | H10: kosong: titik jatuh di darat
A12: Komposit Juli 2025 (VISIT_START 2025-07-01 sampai 2025-07-31). Satu nilai per titik, belum ada ulangan.

Sheet Ringkasan
A1: Ringkasan per versi (rumus, hanya baris QC_lolos = TRUE)
A2: Versi | B2: Zona | C2: Bulan lolos QC | D2: Median NDCI | E2: Rata-rata NDCI | F2: Median TURB
A3: V3_Utama | B3: KJA | C3: =COUNTIFS(V3_Utama!$D$2:$D$189,B3,V3_Utama!$H$2:$H$189,TRUE()) -> 72 | D3: {=MEDIAN(IF((V3_Utama!$D$2:$D$189=B3)*(V3_Utama!$H$2:$H$189=TRUE()),V3_Utama!$E$2:$E$189))} -> 0.0245915 | E3: =AVERAGEIFS(V3_Utama!$E$2:$E$189,V3_Utama!$D$2:$D$189,B3,V3_Utama!$H$2:$H$189,TRUE()) -> 0.021300431 | F3: {=MEDIAN(IF((V3_Utama!$D$2:$D$189=B3)*(V3_Utama!$H$2:$H$189=TRUE()),V3_Utama!$F$2:$F$189))} -> 23.067
A4: V3_Utama | B4: Reference | C4: =COUNTIFS(V3_Utama!$D$2:$D$189,B4,V3_Utama!$H$2:$H$189,TRUE()) -> 78 | D4: {=MEDIAN(IF((V3_Utama!$D$2:$D$189=B4)*(V3_Utama!$H$2:$H$189=TRUE()),V3_Utama!$E$2:$E$189))} -> 0.020204 | E4: =AVERAGEIFS(V3_Utama!$E$2:$E$189,V3_Utama!$D$2:$D$189,B4,V3_Utama!$H$2:$H$189,TRUE()) -> 0.019515821 | F4: {=MEDIAN(IF((V3_Utama!$D$2:$D$189=B4)*(V3_Utama!$H$2:$H$189=TRUE()),V3_Utama!$F$2:$F$189))} -> 21.05
A5: V1_Zona_Awal | B5: KJA | C5: =COUNTIFS(V1_Zona_Awal!$D$2:$D$189,B5,V1_Zona_Awal!$H$2:$H$189,TRUE()) -> 70 | D5: {=MEDIAN(IF((V1_Zona_Awal!$D$2:$D$189=B5)*(V1_Zona_Awal!$H$2:$H$189=TRUE()),V1_Zona_Awal!$E$2:$E$189))} -> 0.029515 | E5: =AVERAGEIFS(V1_Zona_Awal!$E$2:$E$189,V1_Zona_Awal!$D$2:$D$189,B5,V1_Zona_Awal!$H$2:$H$189,TRUE()) -> 0.027039857 | F5: {=MEDIAN(IF((V1_Zona_Awal!$D$2:$D$189=B5)*(V1_Zona_Awal!$H$2:$H$189=TRUE()),V1_Zona_Awal!$F$2:$F$189))} -> 20.381
A6: V1_Zona_Awal | B6: Reference | C6: =COUNTIFS(V1_Zona_Awal!$D$2:$D$189,B6,V1_Zona_Awal!$H$2:$H$189,TRUE()) -> 77 | D6: {=MEDIAN(IF((V1_Zona_Awal!$D$2:$D$189=B6)*(V1_Zona_Awal!$H$2:$H$189=TRUE()),V1_Zona_Awal!$E$2:$E$189))} -> 0.019721 | E6: =AVERAGEIFS(V1_Zona_Awal!$E$2:$E$189,V1_Zona_Awal!$D$2:$D$189,B6,V1_Zona_Awal!$H$2:$H$189,TRUE()) -> 0.022736468 | F6: {=MEDIAN(IF((V1_Zona_Awal!$D$2:$D$189=B6)*(V1_Zona_Awal!$H$2:$H$189=TRUE()),V1_Zona_Awal!$F$2:$F$189))} -> 30.98
A7: V2_Ditolak | B7: KJA | C7: =COUNTIFS(V2_Ditolak!$D$2:$D$189,B7,V2_Ditolak!$H$2:$H$189,TRUE()) -> 73 | D7: {=MEDIAN(IF((V2_Ditolak!$D$2:$D$189=B7)*(V2_Ditolak!$H$2:$H$189=TRUE()),V2_Ditolak!$E$2:$E$189))} -> 0.024697 | E7: =AVERAGEIFS(V2_Ditolak!$E$2:$E$189,V2_Ditolak!$D$2:$D$189,B7,V2_Ditolak!$H$2:$H$189,TRUE()) -> 0.020698603 | F7: {=MEDIAN(IF((V2_Ditolak!$D$2:$D$189=B7)*(V2_Ditolak!$H$2:$H$189=TRUE()),V2_Ditolak!$F$2:$F$189))} -> 23.68
A8: V2_Ditolak | B8: Reference | C8: =COUNTIFS(V2_Ditolak!$D$2:$D$189,B8,V2_Ditolak!$H$2:$H$189,TRUE()) -> 26 | D8: {=MEDIAN(IF((V2_Ditolak!$D$2:$D$189=B8)*(V2_Ditolak!$H$2:$H$189=TRUE()),V2_Ditolak!$E$2:$E$189))} -> 0.134945 | E8: =AVERAGEIFS(V2_Ditolak!$E$2:$E$189,V2_Ditolak!$D$2:$D$189,B8,V2_Ditolak!$H$2:$H$189,TRUE()) -> 0.12990112 | F8: {=MEDIAN(IF((V2_Ditolak!$D$2:$D$189=B8)*(V2_Ditolak!$H$2:$H$189=TRUE()),V2_Ditolak!$F$2:$F$189))} -> 69.742
A10: Hasil uji statistik (dihitung dengan Python scipy pada baris QC_lolos; skrip analyze.py, analyze2.py)
A11: Uji | B11: Data | C11: Hasil | D11: Arti
A12: Wilcoxon berpasangan KJA vs Ref | B12: V3, 71 bulan berpasangan | C12: median selisih +0,0005; KJA > Ref di 36/71 bulan (51%); p = 0,66 | D12: Tidak ada beda bermakna antarzona
A13: Wilcoxon berpasangan KJA vs Ref | B13: V1, 67 bulan | C13: median selisih +0,0059; KJA > Ref di 40/67 (60%); p = 0,27 | D13: Tidak bermakna; zona KJA V1 bukan lokasi keramba terverifikasi
A14: Wilcoxon berpasangan KJA vs Ref | B14: V2, 23 bulan | C14: KJA < Ref; p < 0,001 | D14: DITOLAK: referensi terkontaminasi
A15: Kruskal-Wallis antarmusim | B15: V3 KJA | C15: p = 0,077 | D15: Belum bermakna (batas 0,05)
A16: Kruskal-Wallis antarmusim | B16: V3 Ref | C16: p = 0,31 | D16: Tidak bermakna
A17: Tren Mann-Kendall + Sen slope | B17: V3 KJA | C17: tau +0,13; p = 0,11; +0,0015 per tahun (CI -0,0004 sampai +0,0036) | D17: Arah naik, belum bermakna
A18: Tren Mann-Kendall + Sen slope | B18: V3 Ref | C18: tau +0,09; p = 0,27; +0,0014 per tahun | D18: Arah naik, belum bermakna
A19: Spearman NDCI vs TURB | B19: V3 KJA | C19: r = 0,46; p < 0,001 | D19: NDCI zona KJA ikut naik saat keruh; waspada efek tepi atau sedimen
A20: Spearman NDCI vs TURB | B20: V3 Ref | C20: r = 0,13; p = 0,28 | D20: Tidak berhubungan
A21: Juni 2025 KJA | B21: V3 | C21: NDCI 0,0621; persentil 98,6 dari seluruh bulan KJA; 14 citra | D21: Lonjakan 1 sampai 2 bulan sebelum laporan ikan mati 2 Agu 2025; referensi juga naik (0,038)

Sheet Musiman
A1: Bulan | B1: Median NDCI KJA | C1: Median NDCI Referensi | D1: n bulan KJA
A2: Jan | B2: {=MEDIAN(IF((V3_Utama!$C$2:$C$189=1)*(V3_Utama!$D$2:$D$189="KJA")*(V3_Utama!$H$2:$H$189=TRUE()),V3_Utama!$E$2:$E$189))} -> 0.024336 | C2: {=MEDIAN(IF((V3_Utama!$C$2:$C$189=1)*(V3_Utama!$D$2:$D$189="Reference")*(V3_Utama!$H$2:$H$189=TRUE()),V3_Utama!$E$2:$E$189))} -> 0.0189005 | D2: =COUNTIFS(V3_Utama!$C$2:$C$189,1,V3_Utama!$D$2:$D$189,"KJA",V3_Utama!$H$2:$H$189,TRUE()) -> 7
A3: Feb | B3: {=MEDIAN(IF((V3_Utama!$C$2:$C$189=2)*(V3_Utama!$D$2:$D$189="KJA")*(V3_Utama!$H$2:$H$189=TRUE()),V3_Utama!$E$2:$E$189))} -> 0.015302 | C3: {=MEDIAN(IF((V3_Utama!$C$2:$C$189=2)*(V3_Utama!$D$2:$D$189="Reference")*(V3_Utama!$H$2:$H$189=TRUE()),V3_Utama!$E$2:$E$189))} -> 0.002044 | D3: =COUNTIFS(V3_Utama!$C$2:$C$189,2,V3_Utama!$D$2:$D$189,"KJA",V3_Utama!$H$2:$H$189,TRUE()) -> 6
A4: Mar | B4: {=MEDIAN(IF((V3_Utama!$C$2:$C$189=3)*(V3_Utama!$D$2:$D$189="KJA")*(V3_Utama!$H$2:$H$189=TRUE()),V3_Utama!$E$2:$E$189))} -> 0.022491 | C4: {=MEDIAN(IF((V3_Utama!$C$2:$C$189=3)*(V3_Utama!$D$2:$D$189="Reference")*(V3_Utama!$H$2:$H$189=TRUE()),V3_Utama!$E$2:$E$189))} -> 0.007966 | D4: =COUNTIFS(V3_Utama!$C$2:$C$189,3,V3_Utama!$D$2:$D$189,"KJA",V3_Utama!$H$2:$H$189,TRUE()) -> 7
A5: Apr | B5: {=MEDIAN(IF((V3_Utama!$C$2:$C$189=4)*(V3_Utama!$D$2:$D$189="KJA")*(V3_Utama!$H$2:$H$189=TRUE()),V3_Utama!$E$2:$E$189))} -> 0.018965 | C5: {=MEDIAN(IF((V3_Utama!$C$2:$C$189=4)*(V3_Utama!$D$2:$D$189="Reference")*(V3_Utama!$H$2:$H$189=TRUE()),V3_Utama!$E$2:$E$189))} -> 0.01365 | D5: =COUNTIFS(V3_Utama!$C$2:$C$189,4,V3_Utama!$D$2:$D$189,"KJA",V3_Utama!$H$2:$H$189,TRUE()) -> 7
A6: Mei | B6: {=MEDIAN(IF((V3_Utama!$C$2:$C$189=5)*(V3_Utama!$D$2:$D$189="KJA")*(V3_Utama!$H$2:$H$189=TRUE()),V3_Utama!$E$2:$E$189))} -> 0.0127405 | C6: {=MEDIAN(IF((V3_Utama!$C$2:$C$189=5)*(V3_Utama!$D$2:$D$189="Reference")*(V3_Utama!$H$2:$H$189=TRUE()),V3_Utama!$E$2:$E$189))} -> 0.024485 | D6: =COUNTIFS(V3_Utama!$C$2:$C$189,5,V3_Utama!$D$2:$D$189,"KJA",V3_Utama!$H$2:$H$189,TRUE()) -> 6
A7: Jun | B7: {=MEDIAN(IF((V3_Utama!$C$2:$C$189=6)*(V3_Utama!$D$2:$D$189="KJA")*(V3_Utama!$H$2:$H$189=TRUE()),V3_Utama!$E$2:$E$189))} -> 0.049441 | C7: {=MEDIAN(IF((V3_Utama!$C$2:$C$189=6)*(V3_Utama!$D$2:$D$189="Reference")*(V3_Utama!$H$2:$H$189=TRUE()),V3_Utama!$E$2:$E$189))} -> 0.02347 | D7: =COUNTIFS(V3_Utama!$C$2:$C$189,6,V3_Utama!$D$2:$D$189,"KJA",V3_Utama!$H$2:$H$189,TRUE()) -> 6
A8: Jul | B8: {=MEDIAN(IF((V3_Utama!$C$2:$C$189=7)*(V3_Utama!$D$2:$D$189="KJA")*(V3_Utama!$H$2:$H$189=TRUE()),V3_Utama!$E$2:$E$189))} -> 0.0244295 | C8: {=MEDIAN(IF((V3_Utama!$C$2:$C$189=7)*(V3_Utama!$D$2:$D$189="Reference")*(V3_Utama!$H$2:$H$189=TRUE()),V3_Utama!$E$2:$E$189))} -> 0.0158425 | D8: =COUNTIFS(V3_Utama!$C$2:$C$189,7,V3_Utama!$D$2:$D$189,"KJA",V3_Utama!$H$2:$H$189,TRUE()) -> 8
A9: Agu | B9: {=MEDIAN(IF((V3_Utama!$C$2:$C$189=8)*(V3_Utama!$D$2:$D$189="KJA")*(V3_Utama!$H$2:$H$189=TRUE()),V3_Utama!$E$2:$E$189))} -> 0.027234 | C9: {=MEDIAN(IF((V3_Utama!$C$2:$C$189=8)*(V3_Utama!$D$2:$D$189="Reference")*(V3_Utama!$H$2:$H$189=TRUE()),V3_Utama!$E$2:$E$189))} -> 0.021132 | D9: =COUNTIFS(V3_Utama!$C$2:$C$189,8,V3_Utama!$D$2:$D$189,"KJA",V3_Utama!$H$2:$H$189,TRUE()) -> 8
A10: Sep | B10: {=MEDIAN(IF((V3_Utama!$C$2:$C$189=9)*(V3_Utama!$D$2:$D$189="KJA")*(V3_Utama!$H$2:$H$189=TRUE()),V3_Utama!$E$2:$E$189))} -> 0.024421 | C10: {=MEDIAN(IF((V3_Utama!$C$2:$C$189=9)*(V3_Utama!$D$2:$D$189="Reference")*(V3_Utama!$H$2:$H$189=TRUE()),V3_Utama!$E$2:$E$189))} -> 0.024451 | D10: =COUNTIFS(V3_Utama!$C$2:$C$189,9,V3_Utama!$D$2:$D$189,"KJA",V3_Utama!$H$2:$H$189,TRUE()) -> 6
A11: Okt | B11: {=MEDIAN(IF((V3_Utama!$C$2:$C$189=10)*(V3_Utama!$D$2:$D$189="KJA")*(V3_Utama!$H$2:$H$189=TRUE()),V3_Utama!$E$2:$E$189))} -> 0.0330545 | C11: {=MEDIAN(IF((V3_Utama!$C$2:$C$189=10)*(V3_Utama!$D$2:$D$189="Reference")*(V3_Utama!$H$2:$H$189=TRUE()),V3_Utama!$E$2:$E$189))} -> -0.003577 | D11: =COUNTIFS(V3_Utama!$C$2:$C$189,10,V3_Utama!$D$2:$D$189,"KJA",V3_Utama!$H$2:$H$189,TRUE()) -> 4
A12: Nov | B12: {=MEDIAN(IF((V3_Utama!$C$2:$C$189=11)*(V3_Utama!$D$2:$D$189="KJA")*(V3_Utama!$H$2:$H$189=TRUE()),V3_Utama!$E$2:$E$189))} -> 0.025109 | C12: {=MEDIAN(IF((V3_Utama!$C$2:$C$189=11)*(V3_Utama!$D$2:$D$189="Reference")*(V3_Utama!$H$2:$H$189=TRUE()),V3_Utama!$E$2:$E$189))} -> 0.0332 | D12: =COUNTIFS(V3_Utama!$C$2:$C$189,11,V3_Utama!$D$2:$D$189,"KJA",V3_Utama!$H$2:$H$189,TRUE()) -> 3
A13: Des | B13: {=MEDIAN(IF((V3_Utama!$C$2:$C$189=12)*(V3_Utama!$D$2:$D$189="KJA")*(V3_Utama!$H$2:$H$189=TRUE()),V3_Utama!$E$2:$E$189))} -> 0.0379525 | C13: {=MEDIAN(IF((V3_Utama!$C$2:$C$189=12)*(V3_Utama!$D$2:$D$189="Reference")*(V3_Utama!$H$2:$H$189=TRUE()),V3_Utama!$E$2:$E$189))} -> 0.022083 | D13: =COUNTIFS(V3_Utama!$C$2:$C$189,12,V3_Utama!$D$2:$D$189,"KJA",V3_Utama!$H$2:$H$189,TRUE()) -> 4
